e_hre;Holy Roman Empire;;;;;;;;;;;;;;;;;;;;;;;;;;;;
e_hre_adj;Imperial;;;;;;;;;;;;;;;;;;;;;;;;;;;;
k_germany;Germany;;;;;;;;;;;;;;;;;;;;;;;;;;;;
k_germany_adj;German;;;;;;;;;;;;;;;;;;;;;;;;;;;;
k_lotharingia;Lotharingia;;;;;;;;;;;;;;;;;;;;;;;;;;;;
k_lotharingia_adj;Lotharingian;;;;;;;;;;;;;;;;;;;;;;;;;;;;
k_lower_lorraine;Lower Lorraine;;;;;;;;;;;;;;;;;;;;;;;;;;;;
k_lower_lorraine_adj;Lower Lorrainian;;;;;;;;;;;;;;;;;;;;;;;;;;;;
d_julich;Jülich;;;;;;;;;;;;;;;;;;;;;;;;;;;;
d_limburg;Limburg;;;;;;;;;;;;;;;;;;;;;;;;;;;;
d_berg;Jülich-Cleves-Berg;;;;;;;;;;;;;;;;;;;;;;;;;;;;
d_berg_adj;Lower Rhenish;;;;;;;;;;;;;;;;;;;;;;;;;;;;
d_koln;Cologne;;;;;;;;;;;;;;;;;;;;;;;;;;;;
d_koln_adj;Colognian;;;;;;;;;;;;;;;;;;;;;;;;;;;;
d_liege;Liège;;;;;;;;;;;;;;;;;;;;;;;;;;;;
d_hainaut;Hainaut;;;;;;;;;;;;;;;;;;;;;;;;;;;;
d_hainaut_adj;Walloon;;;;;;;;;;;;;;;;;;;;;;;;;;;;
k_saxony;Saxony;;;;;;;;;;;;;;;;;;;;;;;;;;;;
k_saxony_adj;Saxon;;;;;;;;;;;;;;;;;;;;;;;;;;;;
d_lubeck;Lübeck;;;;;;;;;;;;;;;;;;;;;;;;;;;;
d_oldenburg;Lower Saxony;;;;;;;;;;;;;;;;;;;;;;;;;;;;
d_oldenburg_adj;Lower Saxon;;;;;;;;;;;;;;;;;;;;;;;;;;;;
d_holstein;Holstein;;;;;;;;;;;;;;;;;;;;;;;;;;;;
d_holstein_adj;Holstein;;;;;;;;;;;;;;;;;;;;;;;;;;;;
d_brunswick;Brunswick-Lüneburg;;;;;;;;;;;;;;;;;;;;;;;;;;;;
d_brunswick_adj;Brunswickian;;;;;;;;;;;;;;;;;;;;;;;;;;;;
d_brandenburg;Northern March;;;;;;;;;;;;;;;;;;;;;;;;;;;;
d_brandenburg_adj;Northern March;;;;;;;;;;;;;;;;;;;;;;;;;;;;
d_bishopmunster;Münster;;;;;;;;;;;;;;;;;;;;;;;;;;;;
d_osnabruck;Osnabrück;;;;;;;;;;;;;;;;;;;;;;;;;;;;
d_magdeburg;Magdeburg;;;;;;;;;;;;;;;;;;;;;;;;;;;;
d_bremen;Bremen;;;;;;;;;;;;;;;;;;;;;;;;;;;;
d_bremen_adj;Bremian;;;;;;;;;;;;;;;;;;;;;;;;;;;;
d_saxewittenberg;Saxe-Wittenberg;;;;;;;;;;;;;;;;;;;;;;;;;;;;
d_saxewittenberg_adj;Saxon;;;;;;;;;;;;;;;;;;;;;;;;;;;;
d_altmark;Altmark;;;;;;;;;;;;;;;;;;;;;;;;;;;;
d_angria;Angria;;;;;;;;;;;;;;;;;;;;;;;;;;;;
d_angria_adj;Angrian;;;;;;;;;;;;;;;;;;;;;;;;;;;;
k_bavaria;Bavaria;;;;;;;;;;;;;;;;;;;;;;;;;;;;
k_bavaria_adj;Bavarian;;;;;;;;;;;;;;;;;;;;;;;;;;;;
d_nuremberg;Nuremberg;;;;;;;;;;;;;;;;;;;;;;;;;;;;
d_nordgau;Nordgau;;;;;;;;;;;;;;;;;;;;;;;;;;;;
d_tyrol;Tyrol;;;;;;;;;;;;;;;;;;;;;;;;;;;;
d_tyrol_adj;Tyrolean;;;;;;;;;;;;;;;;;;;;;;;;;;;;
d_niederbayern;Lower Bavaria;;;;;;;;;;;;;;;;;;;;;;;;;;;;
d_niederbayern_adj;Lower Bavarian;;;;;;;;;;;;;;;;;;;;;;;;;;;;
d_salzburg;Salzburg;;;;;;;;;;;;;;;;;;;;;;;;;;;;
d_salzburg_adj;Salzburger;;;;;;;;;;;;;;;;;;;;;;;;;;;;
d_osterreich;Austria;;;;;;;;;;;;;;;;;;;;;;;;;;;;
d_osterreich_adj;Austrian;;;;;;;;;;;;;;;;;;;;;;;;;;;;
d_oberbayern;Upper Bavaria;;;;;;;;;;;;;;;;;;;;;;;;;;;;
d_oberbayern_adj;Upper Bavarian;;;;;;;;;;;;;;;;;;;;;;;;;;;;
k_carinthia;Carinthia;;;;;;;;;;;;;;;;;;;;;;;;;;;;
k_carinthia_adj;Carinthian;;;;;;;;;;;;;;;;;;;;;;;;;;;;
d_styria;Styria;;;;;;;;;;;;;;;;;;;;;;;;;;;;
d_styria_adj;Styrian;;;;;;;;;;;;;;;;;;;;;;;;;;;;
d_istria;Istria;;;;;;;;;;;;;;;;;;;;;;;;;;;;
d_istria_adj;Istrian;;;;;;;;;;;;;;;;;;;;;;;;;;;;
k_franconia;Franconia;;;;;;;;;;;;;;;;;;;;;;;;;;;;
k_franconia_adj;Franconian;;;;;;;;;;;;;;;;;;;;;;;;;;;;
d_hessen;Hesse;;;;;;;;;;;;;;;;;;;;;;;;;;;;
d_hessen_adj;Hessian;;;;;;;;;;;;;;;;;;;;;;;;;;;;
d_rheinfranken;Rhenish Franconia;;;;;;;;;;;;;;;;;;;;;;;;;;;;
d_rheinfranken_adj;Rhenish Franconian;;;;;;;;;;;;;;;;;;;;;;;;;;;;
d_mainz;Mainz;;;;;;;;;;;;;;;;;;;;;;;;;;;;
d_wurzburg;Eastern Franconia;;;;;;;;;;;;;;;;;;;;;;;;;;;;
d_wurzburg_adj;Eastern Franconian;;;;;;;;;;;;;;;;;;;;;;;;;;;;
d_thuringia;Thuringia;;;;;;;;;;;;;;;;;;;;;;;;;;;;
d_thuringia_adj;Thuringian;;;;;;;;;;;;;;;;;;;;;;;;;;;;
d_bamberg;Bamberg;;;;;;;;;;;;;;;;;;;;;;;;;;;;
k_upper_lorraine;Lorraine;;;;;;;;;;;;;;;;;;;;;;;;;;;;
k_upper_lorraine_adj;Lorrainian;;;;;;;;;;;;;;;;;;;;;;;;;;;;
d_barleduc;Bar;;;;;;;;;;;;;;;;;;;;;;;;;;;;
d_upper_lorraine;Lorraine;;;;;;;;;;;;;;;;;;;;;;;;;;;;
d_upper_lorraine_adj;Lorrainian;;;;;;;;;;;;;;;;;;;;;;;;;;;;
d_trier;Treves;;;;;;;;;;;;;;;;;;;;;;;;;;;;
d_zurich;Zürich;;;;;;;;;;;;;;;;;;;;;;;;;;;;
d_pfalz;Electoral Palatinate;;;;;;;;;;;;;;;;;;;;;;;;;;;;
d_pfalz_adj;Palatinate;;;;;;;;;;;;;;;;;;;;;;;;;;;;
k_schwaben;Swabia;;;;;;;;;;;;;;;;;;;;;;;;;;;;
k_schwaben_adj;Swabian;;;;;;;;;;;;;;;;;;;;;;;;;;;;
d_burgau;Burgau;;;;;;;;;;;;;;;;;;;;;;;;;;;;
d_zahringen;Zähringen;;;;;;;;;;;;;;;;;;;;;;;;;;;;
d_zahringen_adj;Zähringer;;;;;;;;;;;;;;;;;;;;;;;;;;;;
d_teck;Teck;;;;;;;;;;;;;;;;;;;;;;;;;;;;
d_teck_adj;Swabian;;;;;;;;;;;;;;;;;;;;;;;;;;;;
d_chur;Chur;;;;;;;;;;;;;;;;;;;;;;;;;;;;
d_augsburg;Augsburg;;;;;;;;;;;;;;;;;;;;;;;;;;;;
k_frisia;Friesland;;;;;;;;;;;;;;;;;;;;;;;;;;;;
k_frisia_adj;Frisian;;;;;;;;;;;;;;;;;;;;;;;;;;;;
d_frisia;Friesland;;;;;;;;;;;;;;;;;;;;;;;;;;;;
d_frisia_adj;Frisian;;;;;;;;;;;;;;;;;;;;;;;;;;;;
d_utrecht;Utrecht;;;;;;;;;;;;;;;;;;;;;;;;;;;;
k_burgundy;Burgundy;;;;;;;;;;;;;;;;;;;;;;;;;;;;
k_burgundy_adj;Burgundian;;;;;;;;;;;;;;;;;;;;;;;;;;;;
d_upper_burgundy;Upper Burgundy;;;;;;;;;;;;;;;;;;;;;;;;;;;;
d_upper_burgundy_adj;Burgundian;;;;;;;;;;;;;;;;;;;;;;;;;;;;
d_lyon;Lyon;;;;;;;;;;;;;;;;;;;;;;;;;;;;
d_lyon_adj;Lyonnaise;;;;;;;;;;;;;;;;;;;;;;;;;;;;
d_aosta;Aosta;;;;;;;;;;;;;;;;;;;;;;;;;;;;
d_aosta_adj;Savoyard;;;;;;;;;;;;;;;;;;;;;;;;;;;;
d_basel;Basel;;;;;;;;;;;;;;;;;;;;;;;;;;;;
d_arles;Arles;;;;;;;;;;;;;;;;;;;;;;;;;;;;
d_arles_adj;Arlesian;;;;;;;;;;;;;;;;;;;;;;;;;;;;
d_provence;Provence;;;;;;;;;;;;;;;;;;;;;;;;;;;;
d_provence_adj;Provençal;;;;;;;;;;;;;;;;;;;;;;;;;;;;
d_susa;Piedmont;;;;;;;;;;;;;;;;;;;;;;;;;;;;
d_susa_adj;Piedmontese;;;;;;;;;;;;;;;;;;;;;;;;;;;;
k_bohemia;Bohemia;;;;;;;;;;;;;;;;;;;;;;;;;;;;
k_bohemia_adj;Bohemian;;;;;;;;;;;;;;;;;;;;;;;;;;;;
d_moravia;Moravia;;;;;;;;;;;;;;;;;;;;;;;;;;;;
d_bohemia;Bohemia;;;;;;;;;;;;;;;;;;;;;;;;;;;;
e_carpathia;Hungary;;;;;;;;;;;;;;;;;;;;;;;;;;;;
e_carpathia_adj;Hungarian;;;;;;;;;;;;;;;;;;;;;;;;;;;;
k_wallachia;Wallachia;;;;;;;;;;;;;;;;;;;;;;;;;;;;
k_wallachia_adj;Vlach;;;;;;;;;;;;;;;;;;;;;;;;;;;;
d_oltenia;Oltenia;;;;;;;;;;;;;;;;;;;;;;;;;;;;
d_oltenia_adj;Oltenian;;;;;;;;;;;;;;;;;;;;;;;;;;;;
d_wallachia;Muntenia;;;;;;;;;;;;;;;;;;;;;;;;;;;;
d_wallachia_adj;Muntenian;;;;;;;;;;;;;;;;;;;;;;;;;;;;
k_moldau;Moldova;;;;;;;;;;;;;;;;;;;;;;;;;;;;
k_moldau_adj;Moldovan;;;;;;;;;;;;;;;;;;;;;;;;;;;;
d_moldau;Upper Country;;;;;;;;;;;;;;;;;;;;;;;;;;;;
d_moldau_adj;Moldovan;;;;;;;;;;;;;;;;;;;;;;;;;;;;
d_basarabia;Lower Country;;;;;;;;;;;;;;;;;;;;;;;;;;;;
d_basarabia_adj;Moldovan;;;;;;;;;;;;;;;;;;;;;;;;;;;;
k_hungary;Hungary;;;;;;;;;;;;;;;;;;;;;;;;;;;;
k_hungary_adj;Hungarian;;;;;;;;;;;;;;;;;;;;;;;;;;;;
d_esztergom;Visegrád;;;;;;;;;;;;;;;;;;;;;;;;;;;;
d_pecs;Somogy;;;;;;;;;;;;;;;;;;;;;;;;;;;;
d_pecs_adj;Somogy;;;;;;;;;;;;;;;;;;;;;;;;;;;;
d_esztergom_adj;Esztergom;;;;;;;;;;;;;;;;;;;;;;;;;;;;
d_temes;Temes;;;;;;;;;;;;;;;;;;;;;;;;;;;;
d_temes_adj;Temes;;;;;;;;;;;;;;;;;;;;;;;;;;;;
d_ungvar_adj;Uzhhorod;;;;;;;;;;;;;;;;;;;;;;;;;;;;
d_bacs;Bács;;;;;;;;;;;;;;;;;;;;;;;;;;;;
d_csanad;Csanád;;;;;;;;;;;;;;;;;;;;;;;;;;;;
d_pest;Bihar;;;;;;;;;;;;;;;;;;;;;;;;;;;;
d_pest_adj;Bihar;;;;;;;;;;;;;;;;;;;;;;;;;;;;
d_transylvania;Transylvania;;;;;;;;;;;;;;;;;;;;;;;;;;;;
d_transylvania_adj;Transylvanian;;;;;;;;;;;;;;;;;;;;;;;;;;;;
d_nyitra;Nitra;;;;;;;;;;;;;;;;;;;;;;;;;;;;
d_nyitra_adj;Nitra;;;;;;;;;;;;;;;;;;;;;;;;;;;;
d_ujavar;Abaúj;;;;;;;;;;;;;;;;;;;;;;;;;;;;
d_gyor;Gyor;;;;;;;;;;;;;;;;;;;;;;;;;;;;
d_syrmia;Syrmia;;;;;;;;;;;;;;;;;;;;;;;;;;;;
d_syrmia_adj;Syrmian;;;;;;;;;;;;;;;;;;;;;;;;;;;;
k_croatia;Croatia;;;;;;;;;;;;;;;;;;;;;;;;;;;;
k_croatia_adj;Croatian;;;;;;;;;;;;;;;;;;;;;;;;;;;;
d_croatia;Croatia;;;;;;;;;;;;;;;;;;;;;;;;;;;;
d_croatia_adj;Croatian;;;;;;;;;;;;;;;;;;;;;;;;;;;;
d_slavonia_adj_hungarian;Slavonian;;;;;;;;;;;;;;;;;;;;;;;;;;;;
d_slavonia_adj_german;Slavonian;;;;;;;;;;;;;;;;;;;;;;;;;;;;
d_slavonia_adj_greek;Pannonian;;;;;;;;;;;;;;;;;;;;;;;;;;;;
d_slavonia_adj_armenian;Pannonian;;;;;;;;;;;;;;;;;;;;;;;;;;;;
d_slavonia_adj_georgian;Pannonian;;;;;;;;;;;;;;;;;;;;;;;;;;;;
d_slavonia_adj_alan;Pannonian;;;;;;;;;;;;;;;;;;;;;;;;;;;;
d_slavonia_adj_arberian;Pannonian;;;;;;;;;;;;;;;;;;;;;;;;;;;;
d_slavonia_adj_roman;Pannonian;;;;;;;;;;;;;;;;;;;;;;;;;;;;
d_dalmatia;Dalmatia;;;;;;;;;;;;;;;;;;;;;;;;;;;;
d_dalmatia_adj;Dalmatian;;;;;;;;;;;;;;;;;;;;;;;;;;;;
d_krk;Krk;;;;;;;;;;;;;;;;;;;;;;;;;;;;
d_dalmatian_islands;Hvar;;;;;;;;;;;;;;;;;;;;;;;;;;;;
k_bosnia;Bosnia;;;;;;;;;;;;;;;;;;;;;;;;;;;;
k_bosnia_adj;Bosnian;;;;;;;;;;;;;;;;;;;;;;;;;;;;
d_bosnia;Bosnia;;;;;;;;;;;;;;;;;;;;;;;;;;;;
d_bosnia_adj;Bosnian;;;;;;;;;;;;;;;;;;;;;;;;;;;;
d_usora_i_soli;Usora;;;;;;;;;;;;;;;;;;;;;;;;;;;;
e_italy;Italy;;;;;;;;;;;;;;;;;;;;;;;;;;;;
e_italy_adj;Italian;;;;;;;;;;;;;;;;;;;;;;;;;;;;
k_italy;Italy;;;;;;;;;;;;;;;;;;;;;;;;;;;;
k_italy_adj;Italian;;;;;;;;;;;;;;;;;;;;;;;;;;;;
d_aquileia;Friuli;;;;;;;;;;;;;;;;;;;;;;;;;;;;
d_aquileia_adj;Friulan;;;;;;;;;;;;;;;;;;;;;;;;;;;;
d_modena;Modena and Reggio;;;;;;;;;;;;;;;;;;;;;;;;;;;;
d_modena_adj;Modena;;;;;;;;;;;;;;;;;;;;;;;;;;;;
d_lucca;Lucca;;;;;;;;;;;;;;;;;;;;;;;;;;;;
d_lucca_adj;Luccan;;;;;;;;;;;;;;;;;;;;;;;;;;;;
d_mantua;Mantua;;;;;;;;;;;;;;;;;;;;;;;;;;;;
d_mantua_adj;Mantuan;;;;;;;;;;;;;;;;;;;;;;;;;;;;
d_parma;Parma;;;;;;;;;;;;;;;;;;;;;;;;;;;;
d_parma_adj;Parmese;;;;;;;;;;;;;;;;;;;;;;;;;;;;
d_savona;Savona;;;;;;;;;;;;;;;;;;;;;;;;;;;;
d_savona_adj;Savonese;;;;;;;;;;;;;;;;;;;;;;;;;;;;
d_monferrato;Montferrat;;;;;;;;;;;;;;;;;;;;;;;;;;;;
d_toscana;Tuscany;;;;;;;;;;;;;;;;;;;;;;;;;;;;
d_toscana_adj;Tuscan;;;;;;;;;;;;;;;;;;;;;;;;;;;;
d_como;Como;;;;;;;;;;;;;;;;;;;;;;;;;;;;
d_lombardia;Milan;;;;;;;;;;;;;;;;;;;;;;;;;;;;
d_lombardia_adj;Milanese;;;;;;;;;;;;;;;;;;;;;;;;;;;;
d_genoa;Genoa;;;;;;;;;;;;;;;;;;;;;;;;;;;;
d_genoa_adj;Genoese;;;;;;;;;;;;;;;;;;;;;;;;;;;;
k_sardinia;Sardinia;;;;;;;;;;;;;;;;;;;;;;;;;;;;
k_sardinia_adj;Sardinian;;;;;;;;;;;;;;;;;;;;;;;;;;;;
d_corsica;Corsica;;;;;;;;;;;;;;;;;;;;;;;;;;;;
d_corsica_adj;Corsican;;;;;;;;;;;;;;;;;;;;;;;;;;;;
k_venice;Venice;;;;;;;;;;;;;;;;;;;;;;;;;;;;
k_venice_adj;Venetian;;;;;;;;;;;;;;;;;;;;;;;;;;;;
d_venice;Venice;;;;;;;;;;;;;;;;;;;;;;;;;;;;
d_venice_adj;Venetian;;;;;;;;;;;;;;;;;;;;;;;;;;;;
k_patrimoniumpetri;Patrimonium Sancti Petri;;;;;;;;;;;;;;;;;;;;;;;;;;;;
k_patrimoniumpetri_adj;Holy;;;;;;;;;;;;;;;;;;;;;;;;;;;;
d_ancona;Marche;;;;;;;;;;;;;;;;;;;;;;;;;;;;
d_ancona_adj;Marche;;;;;;;;;;;;;;;;;;;;;;;;;;;;
d_ravenna;Ravenna;;;;;;;;;;;;;;;;;;;;;;;;;;;;
d_ravenna_adj;Romagna;;;;;;;;;;;;;;;;;;;;;;;;;;;;
d_urbino;Urbino;;;;;;;;;;;;;;;;;;;;;;;;;;;;
d_urbino_adj;Urbino;;;;;;;;;;;;;;;;;;;;;;;;;;;;
k_sicily;Sicily;;;;;;;;;;;;;;;;;;;;;;;;;;;;
k_sicily_adj;Sicilian;;;;;;;;;;;;;;;;;;;;;;;;;;;;
d_tarent;Principality of Taranto;;;;;;;;;;;;;;;;;;;;;;;;;;;;
d_tarent_adj;Tarantino;;;;;;;;;;;;;;;;;;;;;;;;;;;;
d_loritello;Loritello;;;;;;;;;;;;;;;;;;;;;;;;;;;;
d_napoli;Naples;;;;;;;;;;;;;;;;;;;;;;;;;;;;
d_napoli_adj;Neapolitan;;;;;;;;;;;;;;;;;;;;;;;;;;;;
d_sicily;Sicily;;;;;;;;;;;;;;;;;;;;;;;;;;;;
d_sicily_adj;Sicilian;;;;;;;;;;;;;;;;;;;;;;;;;;;;
d_apulia;Apulia;;;;;;;;;;;;;;;;;;;;;;;;;;;;
d_apulia_adj;Apulian;;;;;;;;;;;;;;;;;;;;;;;;;;;;
d_alvito;Alvito;;;;;;;;;;;;;;;;;;;;;;;;;;;;
e_poland;Poland;;;;;;;;;;;;;;;;;;;;;;;;;;;;
e_poland_adj;Polish;;;;;;;;;;;;;;;;;;;;;;;;;;;;
k_poland;Poland;;;;;;;;;;;;;;;;;;;;;;;;;;;;
k_poland_adj;Polish;;;;;;;;;;;;;;;;;;;;;;;;;;;;
d_greater_poland;Greater Poland;;;;;;;;;;;;;;;;;;;;;;;;;;;;
d_greater_poland_adj;Greater Polish;;;;;;;;;;;;;;;;;;;;;;;;;;;;
d_lesser_poland;Lesser Poland;;;;;;;;;;;;;;;;;;;;;;;;;;;;
d_lesser_poland_adj;Lesser Polish;;;;;;;;;;;;;;;;;;;;;;;;;;;;
d_mazovia;Mazovia;;;;;;;;;;;;;;;;;;;;;;;;;;;;
d_mazovia_adj;Mazovian;;;;;;;;;;;;;;;;;;;;;;;;;;;;
d_kuyavia;Kujawy;;;;;;;;;;;;;;;;;;;;;;;;;;;;
d_kuyavia_adj;Kujawy;;;;;;;;;;;;;;;;;;;;;;;;;;;;
d_silesia;Silesia;;;;;;;;;;;;;;;;;;;;;;;;;;;;
d_silesia_adj;Silesian;;;;;;;;;;;;;;;;;;;;;;;;;;;;
d_sieradzko-leczyckie;Sieradz-Leczyca;;;;;;;;;;;;;;;;;;;;;;;;;;;;
d_sieradzko-leczyckie_adj;Sieradz;;;;;;;;;;;;;;;;;;;;;;;;;;;;
k_lithuania;Lithuania;;;;;;;;;;;;;;;;;;;;;;;;;;;;
k_lithuania_adj;Lithuanian;;;;;;;;;;;;;;;;;;;;;;;;;;;;
d_trakai;Trakai;;;;;;;;;;;;;;;;;;;;;;;;;;;;
d_prussia;Prussia;;;;;;;;;;;;;;;;;;;;;;;;;;;;
d_prussia_adj;Prussian;;;;;;;;;;;;;;;;;;;;;;;;;;;;
d_lithuanians;Lithuania;;;;;;;;;;;;;;;;;;;;;;;;;;;;
d_lithuanians_adj;Lithuanian;;;;;;;;;;;;;;;;;;;;;;;;;;;;
e_france;France;;;;;;;;;;;;;;;;;;;;;;;;;;;;
e_france_adj;French;;;;;;;;;;;;;;;;;;;;;;;;;;;;
d_aquitaine;Aquitaine;;;;;;;;;;;;;;;;;;;;;;;;;;;;
d_aquitaine_adj;Aquitainian;;;;;;;;;;;;;;;;;;;;;;;;;;;;
d_auvergne;Auvergne;;;;;;;;;;;;;;;;;;;;;;;;;;;;
d_auvergne_adj;Auvergne;;;;;;;;;;;;;;;;;;;;;;;;;;;;
d_limousin;Limousin;;;;;;;;;;;;;;;;;;;;;;;;;;;;
d_toulouse;Toulouse;;;;;;;;;;;;;;;;;;;;;;;;;;;;
d_toulouse_adj;Toulouse;;;;;;;;;;;;;;;;;;;;;;;;;;;;
d_septimania;Septimania;;;;;;;;;;;;;;;;;;;;;;;;;;;;
d_septimania_adj;Septimanian;;;;;;;;;;;;;;;;;;;;;;;;;;;;
d_archberry;Berry;;;;;;;;;;;;;;;;;;;;;;;;;;;;
d_foix;Pyrenees;;;;;;;;;;;;;;;;;;;;;;;;;;;;
d_foix_adj;Pyrenean;;;;;;;;;;;;;;;;;;;;;;;;;;;;
d_gevaudan;Gévaudan;;;;;;;;;;;;;;;;;;;;;;;;;;;;
d_poitou_adj;Poitevin;;;;;;;;;;;;;;;;;;;;;;;;;;;;
d_archreims;Reims;;;;;;;;;;;;;;;;;;;;;;;;;;;;
d_champagne;Champagne;;;;;;;;;;;;;;;;;;;;;;;;;;;;
d_champagne_adj;Champagne;;;;;;;;;;;;;;;;;;;;;;;;;;;;
d_burgundy;Burgundy;;;;;;;;;;;;;;;;;;;;;;;;;;;;
d_burgundy_adj;Burgundian;;;;;;;;;;;;;;;;;;;;;;;;;;;;
d_artois;Artois;;;;;;;;;;;;;;;;;;;;;;;;;;;;
d_artois_adj;Artesian;;;;;;;;;;;;;;;;;;;;;;;;;;;;
d_alencon;Alençon;;;;;;;;;;;;;;;;;;;;;;;;;;;;
d_blois;Blois;;;;;;;;;;;;;;;;;;;;;;;;;;;;
d_rethel;Rethel;;;;;;;;;;;;;;;;;;;;;;;;;;;;
d_nevers;Nevers;;;;;;;;;;;;;;;;;;;;;;;;;;;;
d_bourbon_adj;Bourbon;;;;;;;;;;;;;;;;;;;;;;;;;;;;
k_brittany;Brittany;;;;;;;;;;;;;;;;;;;;;;;;;;;;
k_brittany_adj;Breton;;;;;;;;;;;;;;;;;;;;;;;;;;;;
d_brittany;Brittany;;;;;;;;;;;;;;;;;;;;;;;;;;;;
d_brittany_adj;Breton;;;;;;;;;;;;;;;;;;;;;;;;;;;;
k_saxonengland;England;;;;;;;;;;;;;;;;;;;;;;;;;;;;
k_saxonengland_adj;English;;;;;;;;;;;;;;;;;;;;;;;;;;;;
k_sahara;Sahara;;;;;;;;;;;;;;;;;;;;;;;;;;;;
k_sahara_adj;Saharan;;;;;;;;;;;;;;;;;;;;;;;;;;;;
d_sahara;Sahara;;;;;;;;;;;;;;;;;;;;;;;;;;;;
d_sahara_adj;Saharan;;;;;;;;;;;;;;;;;;;;;;;;;;;;
k_antioch;Antioch;;;;;;;;;;;;;;;;;;;;;;;;;;;;
k_antioch_adj;Antiochene;;;;;;;;;;;;;;;;;;;;;;;;;;;;
d_germanias;Germanies;;;;;;;;;;;;;;;;;;;;;;;;;;;;
d_diyareast;Diyar Rabi‘a;;;;;;;;;;;;;;;;;;;;;;;;;;;;
d_diyareast_adj;Rabi‘ah;;;;;;;;;;;;;;;;;;;;;;;;;;;;
d_jazira;Diyar Mudar;;;;;;;;;;;;;;;;;;;;;;;;;;;;
d_jazira_adj;Diyar Mudar;;;;;;;;;;;;;;;;;;;;;;;;;;;;
d_jazira_adj_greek;Euphratensian;;;;;;;;;;;;;;;;;;;;;;;;;;;;
d_homs;Hims;;;;;;;;;;;;;;;;;;;;;;;;;;;;
d_homs_adj;Homsi;;;;;;;;;;;;;;;;;;;;;;;;;;;;
d_homs_adj_greek;Syrian;;;;;;;;;;;;;;;;;;;;;;;;;;;;
d_jordan;Jordan;;;;;;;;;;;;;;;;;;;;;;;;;;;;
d_jordan_adj;Jordanian;;;;;;;;;;;;;;;;;;;;;;;;;;;;
d_jordan_adj_greek;Arabian;;;;;;;;;;;;;;;;;;;;;;;;;;;;
d_damascus;Damascus;;;;;;;;;;;;;;;;;;;;;;;;;;;;
d_damascus_adj;Damascene;;;;;;;;;;;;;;;;;;;;;;;;;;;;
d_damascus_adj_greek;Phoenician;;;;;;;;;;;;;;;;;;;;;;;;;;;;
d_aleppo;Qinnasrin;;;;;;;;;;;;;;;;;;;;;;;;;;;;
d_aleppo_adj;Qinnasrin;;;;;;;;;;;;;;;;;;;;;;;;;;;;
d_aleppo_adj_greek;Syrian;;;;;;;;;;;;;;;;;;;;;;;;;;;;
k_syria;Syria;;;;;;;;;;;;;;;;;;;;;;;;;;;;
k_syria_adj;Syrian;;;;;;;;;;;;;;;;;;;;;;;;;;;;
k_aljazira;Upper Mesopotamia;;;;;;;;;;;;;;;;;;;;;;;;;;;;
k_aljazira_adj;Upper Mesopotamian;;;;;;;;;;;;;;;;;;;;;;;;;;;;
k_aljazira_adj_greek;Assyrian;;;;;;;;;;;;;;;;;;;;;;;;;;;;
d_antioch;Principality of Antioch;;;;;;;;;;;;;;;;;;;;;;;;;;;;
d_antioch_adj;Antiochene;;;;;;;;;;;;;;;;;;;;;;;;;;;;
d_antioch_adj_bedouin_arabic;al-Awasim;;;;;;;;;;;;;;;;;;;;;;;;;;;;
d_antioch_adj_maghreb_arabic;al-Awasim;;;;;;;;;;;;;;;;;;;;;;;;;;;;
d_antioch_adj_levantine_arabic;al-Awasim;;;;;;;;;;;;;;;;;;;;;;;;;;;;
d_antioch_adj_egyptian_arabic;al-Awasim;;;;;;;;;;;;;;;;;;;;;;;;;;;;
d_antioch_adj_andalusian_arabic;al-Awasim;;;;;;;;;;;;;;;;;;;;;;;;;;;;
d_antioch_adj_sicilian_arabic;al-Awasim;;;;;;;;;;;;;;;;;;;;;;;;;;;;
d_antioch_adj_sanhaja;al-Awasim;;;;;;;;;;;;;;;;;;;;;;;;;;;;
d_antioch_adj_tagelmust;al-Awasim;;;;;;;;;;;;;;;;;;;;;;;;;;;;
d_antioch_adj_tuareg;al-Awasim;;;;;;;;;;;;;;;;;;;;;;;;;;;;
d_antioch_adj_masmuda;al-Awasim;;;;;;;;;;;;;;;;;;;;;;;;;;;;
d_antioch_adj_zanata;al-Awasim;;;;;;;;;;;;;;;;;;;;;;;;;;;;
d_tripoli_adj_greek;Phoenician;;;;;;;;;;;;;;;;;;;;;;;;;;;;
e_spain;Spain;;;;;;;;;;;;;;;;;;;;;;;;;;;;
e_spain_adj;Spanish;;;;;;;;;;;;;;;;;;;;;;;;;;;;
k_portugal;Portugal;;;;;;;;;;;;;;;;;;;;;;;;;;;;
k_portugal_adj;Portuguese;;;;;;;;;;;;;;;;;;;;;;;;;;;;
d_beja;Alentejo;;;;;;;;;;;;;;;;;;;;;;;;;;;;
d_beja_adj;Alentejo;;;;;;;;;;;;;;;;;;;;;;;;;;;;
d_algarve;Algarve;;;;;;;;;;;;;;;;;;;;;;;;;;;;
d_algarve_adj;Algarve;;;;;;;;;;;;;;;;;;;;;;;;;;;;
d_beira;Beira;;;;;;;;;;;;;;;;;;;;;;;;;;;;
d_portucale;Portugal;;;;;;;;;;;;;;;;;;;;;;;;;;;;
d_portucale_adj;Portuguese;;;;;;;;;;;;;;;;;;;;;;;;;;;;
k_aragon;Aragon;;;;;;;;;;;;;;;;;;;;;;;;;;;;
k_aragon_adj;Aragonese;;;;;;;;;;;;;;;;;;;;;;;;;;;;
k_castille;Castile;;;;;;;;;;;;;;;;;;;;;;;;;;;;
k_castille_adj;Castilian;;;;;;;;;;;;;;;;;;;;;;;;;;;;
k_leon;León;;;;;;;;;;;;;;;;;;;;;;;;;;;;
k_leon_adj;Leonese;;;;;;;;;;;;;;;;;;;;;;;;;;;;
k_navarra;Navarre;;;;;;;;;;;;;;;;;;;;;;;;;;;;
k_navarra_adj;Navarrese;;;;;;;;;;;;;;;;;;;;;;;;;;;;
d_navarra;Navarre;;;;;;;;;;;;;;;;;;;;;;;;;;;;
d_navarra_adj;Navarrese;;;;;;;;;;;;;;;;;;;;;;;;;;;;
k_andalusia;Al-Andalus;;;;;;;;;;;;;;;;;;;;;;;;;;;;
k_andalusia_adj;Andalusi;;;;;;;;;;;;;;;;;;;;;;;;;;;;
d_castilla;Castile;;;;;;;;;;;;;;;;;;;;;;;;;;;;
d_castilla_adj;Castilian;;;;;;;;;;;;;;;;;;;;;;;;;;;;
d_leon;León;;;;;;;;;;;;;;;;;;;;;;;;;;;;
d_leon_adj;Leonese;;;;;;;;;;;;;;;;;;;;;;;;;;;;
d_aragon;Aragon;;;;;;;;;;;;;;;;;;;;;;;;;;;;
d_aragon_adj;Aragonese;;;;;;;;;;;;;;;;;;;;;;;;;;;;
d_catalunya_nova;New Catalonia;;;;;;;;;;;;;;;;;;;;;;;;;;;;
d_catalunya_nova_adj;New Catalan;;;;;;;;;;;;;;;;;;;;;;;;;;;;
d_catalunya_vella;Old Catalonia;;;;;;;;;;;;;;;;;;;;;;;;;;;;
d_catalunya_vella_adj;Old Catalan;;;;;;;;;;;;;;;;;;;;;;;;;;;;
d_la_mancha;La Mancha;;;;;;;;;;;;;;;;;;;;;;;;;;;;
d_la_mancha_adj;Manchego;;;;;;;;;;;;;;;;;;;;;;;;;;;;
d_cordoba;Córdoba;;;;;;;;;;;;;;;;;;;;;;;;;;;;
d_cordoba_adj;Cordoban;;;;;;;;;;;;;;;;;;;;;;;;;;;;
d_badajoz;Extremadura;;;;;;;;;;;;;;;;;;;;;;;;;;;;
d_badajoz_adj;Extremaduran;;;;;;;;;;;;;;;;;;;;;;;;;;;;
d_galicia;Galicia;;;;;;;;;;;;;;;;;;;;;;;;;;;;
d_galicia_adj;Galician;;;;;;;;;;;;;;;;;;;;;;;;;;;;
d_granada;Granada;;;;;;;;;;;;;;;;;;;;;;;;;;;;
d_granada_adj;Granadan;;;;;;;;;;;;;;;;;;;;;;;;;;;;
d_mallorca;Majorca;;;;;;;;;;;;;;;;;;;;;;;;;;;;
d_mallorca_adj;Majorcan;;;;;;;;;;;;;;;;;;;;;;;;;;;;
d_murcia;Murcia;;;;;;;;;;;;;;;;;;;;;;;;;;;;
d_murcia_adj;Murcian;;;;;;;;;;;;;;;;;;;;;;;;;;;;
d_najera;Nájera;;;;;;;;;;;;;;;;;;;;;;;;;;;;
d_ribatejo;Ribatejo;;;;;;;;;;;;;;;;;;;;;;;;;;;;
d_salamanca;Salamanca;;;;;;;;;;;;;;;;;;;;;;;;;;;;
d_salamanca_adj;Salmantinian;;;;;;;;;;;;;;;;;;;;;;;;;;;;
d_segovia;Segovia;;;;;;;;;;;;;;;;;;;;;;;;;;;;
d_segovia_adj;Segovian;;;;;;;;;;;;;;;;;;;;;;;;;;;;
d_sevilla;Seville;;;;;;;;;;;;;;;;;;;;;;;;;;;;
d_sevilla_adj;Sevillan;;;;;;;;;;;;;;;;;;;;;;;;;;;;
d_teruel;Teruel;;;;;;;;;;;;;;;;;;;;;;;;;;;;
d_toledo;Toledo;;;;;;;;;;;;;;;;;;;;;;;;;;;;
d_toledo_adj;Toledan;;;;;;;;;;;;;;;;;;;;;;;;;;;;
d_valencia;Valencia;;;;;;;;;;;;;;;;;;;;;;;;;;;;
d_valencia_adj;Valencian;;;;;;;;;;;;;;;;;;;;;;;;;;;;
d_zaragoza;Zaragoza;;;;;;;;;;;;;;;;;;;;;;;;;;;;
d_zaragoza_adj;Zaragozan;;;;;;;;;;;;;;;;;;;;;;;;;;;;
d_tuat;Tuat;;;;;;;;;;;;;;;;;;;;;;;;;;;;
d_mzab;M’zab;;;;;;;;;;;;;;;;;;;;;;;;;;;;
d_mzab_adj;Mozabite;;;;;;;;;;;;;;;;;;;;;;;;;;;;
d_hoggar;Hoggar;;;;;;;;;;;;;;;;;;;;;;;;;;;;
d_fezzan;Fezzan;;;;;;;;;;;;;;;;;;;;;;;;;;;;
d_tibesti;Tibesti;;;;;;;;;;;;;;;;;;;;;;;;;;;;
d_kawar;Kaouar;;;;;;;;;;;;;;;;;;;;;;;;;;;;
d_air;Aïr;;;;;;;;;;;;;;;;;;;;;;;;;;;;
d_insalah;In Salah;;;;;;;;;;;;;;;;;;;;;;;;;;;;
d_ghadames;Ghadames;;;;;;;;;;;;;;;;;;;;;;;;;;;;
d_tekkada;Takedda;;;;;;;;;;;;;;;;;;;;;;;;;;;;
d_agades;Agadez;;;;;;;;;;;;;;;;;;;;;;;;;;;;
d_ghat;Ghat;;;;;;;;;;;;;;;;;;;;;;;;;;;;
d_bilma;Bilma;;;;;;;;;;;;;;;;;;;;;;;;;;;;
d_gasaga;Gasga;;;;;;;;;;;;;;;;;;;;;;;;;;;;
d_elfasher;Al-Fashir;;;;;;;;;;;;;;;;;;;;;;;;;;;;
d_dongola;Dongola;;;;;;;;;;;;;;;;;;;;;;;;;;;;
d_roufra;Kufra;;;;;;;;;;;;;;;;;;;;;;;;;;;;
d_awlil;Awlil;;;;;;;;;;;;;;;;;;;;;;;;;;;;
k_insalah;In Salah;;;;;;;;;;;;;;;;;;;;;;;;;;;;
k_ghadames;Ghadames;;;;;;;;;;;;;;;;;;;;;;;;;;;;
k_tekkada;Takedda;;;;;;;;;;;;;;;;;;;;;;;;;;;;
k_agades;Agadez;;;;;;;;;;;;;;;;;;;;;;;;;;;;
k_ghat;Ghat;;;;;;;;;;;;;;;;;;;;;;;;;;;;
k_bilma;Bilma;;;;;;;;;;;;;;;;;;;;;;;;;;;;
k_gasaga;Gasga;;;;;;;;;;;;;;;;;;;;;;;;;;;;
k_elfasher;Al-Fashir;;;;;;;;;;;;;;;;;;;;;;;;;;;;
k_dongola;Dongola;;;;;;;;;;;;;;;;;;;;;;;;;;;;
k_roufra;Kufra;;;;;;;;;;;;;;;;;;;;;;;;;;;;
k_awlil;Awlil;;;;;;;;;;;;;;;;;;;;;;;;;;;;
d_acre;Acre;;;;;;;;;;;;;;;;;;;;;;;;;;;;
d_acre_adj_greek;Tyrian;;;;;;;;;;;;;;;;;;;;;;;;;;;;
d_ascalon;Jaffa and Ascalon;;;;;;;;;;;;;;;;;;;;;;;;;;;;
d_ascalon_adj;Jaffa;;;;;;;;;;;;;;;;;;;;;;;;;;;;
d_ascalon_adj_greek;Ashkelon;;;;;;;;;;;;;;;;;;;;;;;;;;;;
d_jerusalem_adj_greek;Palaestina Prima;;;;;;;;;;;;;;;;;;;;;;;;;;;;
d_galilee;Principality of Galilee;;;;;;;;;;;;;;;;;;;;;;;;;;;;
d_galilee_adj;Palestinian;;;;;;;;;;;;;;;;;;;;;;;;;;;;
d_galilee_adj_bedouin_arabic;Galilean;;;;;;;;;;;;;;;;;;;;;;;;;;;;
d_galilee_adj_maghreb_arabic;Galilean;;;;;;;;;;;;;;;;;;;;;;;;;;;;
d_galilee_adj_levantine_arabic;Galilean;;;;;;;;;;;;;;;;;;;;;;;;;;;;
d_galilee_adj_egyptian_arabic;Galilean;;;;;;;;;;;;;;;;;;;;;;;;;;;;
d_galilee_adj_andalusian_arabic;Galilean;;;;;;;;;;;;;;;;;;;;;;;;;;;;
d_galilee_adj_sicilian_arabic;Galilean;;;;;;;;;;;;;;;;;;;;;;;;;;;;
d_oultrejourdain_adj_greek;Palestinian;;;;;;;;;;;;;;;;;;;;;;;;;;;;
k_novgorod;Novgorod;;;;;;;;;;;;;;;;;;;;;;;;;;;;
k_novgorod_adj;Novgorodian;;;;;;;;;;;;;;;;;;;;;;;;;;;;
d_novgorod;Veliky Novgorod;;;;;;;;;;;;;;;;;;;;;;;;;;;;
d_novgorod_adj;Novgorodian;;;;;;;;;;;;;;;;;;;;;;;;;;;;
d_pskov;Pskov;;;;;;;;;;;;;;;;;;;;;;;;;;;;
d_pskov_adj;Pskovian;;;;;;;;;;;;;;;;;;;;;;;;;;;;
d_russa;Staraya Russa;;;;;;;;;;;;;;;;;;;;;;;;;;;;
d_beloozero;Beloozero;;;;;;;;;;;;;;;;;;;;;;;;;;;;
d_beloozero_adj;Beloozero;;;;;;;;;;;;;;;;;;;;;;;;;;;;
d_beloozero_adj_finnish;Vesian;;;;;;;;;;;;;;;;;;;;;;;;;;;;
d_beloozero_adj_mordvin;Vesian;;;;;;;;;;;;;;;;;;;;;;;;;;;;
d_beloozero_adj_lappish;Vesian;;;;;;;;;;;;;;;;;;;;;;;;;;;;
d_beloozero_adj_komi;Vesian;;;;;;;;;;;;;;;;;;;;;;;;;;;;
d_beloozero_adj_karelian;Vesian;;;;;;;;;;;;;;;;;;;;;;;;;;;;
d_beloozero_adj_samoyed;Vesian;;;;;;;;;;;;;;;;;;;;;;;;;;;;
d_beloozero_adj_vepsian;Vesian;;;;;;;;;;;;;;;;;;;;;;;;;;;;
d_beloozero_adj_mari;Vesian;;;;;;;;;;;;;;;;;;;;;;;;;;;;
d_beloozero_adj_khanty;Vesian;;;;;;;;;;;;;;;;;;;;;;;;;;;;
d_beloozero_adj_ugricbaltic;Vesian;;;;;;;;;;;;;;;;;;;;;;;;;;;;
d_beloozero_adj_livonian;Vesian;;;;;;;;;;;;;;;;;;;;;;;;;;;;
k_vladimir;Vladimir;;;;;;;;;;;;;;;;;;;;;;;;;;;;
d_tver;Tver;;;;;;;;;;;;;;;;;;;;;;;;;;;;
d_tver_adj;Tverian;;;;;;;;;;;;;;;;;;;;;;;;;;;;
d_rostov;Rostov;;;;;;;;;;;;;;;;;;;;;;;;;;;;
d_rostov_adj;Rostov;;;;;;;;;;;;;;;;;;;;;;;;;;;;
d_vladimir;Suzdal;;;;;;;;;;;;;;;;;;;;;;;;;;;;
d_vladimir_adj;Suzdal;;;;;;;;;;;;;;;;;;;;;;;;;;;;
d_ustyg;Veliky Ustyug;;;;;;;;;;;;;;;;;;;;;;;;;;;;
d_ustyg_adj;Ustyug;;;;;;;;;;;;;;;;;;;;;;;;;;;;
d_nizhny_novgorod;Nizhny Novgorod;;;;;;;;;;;;;;;;;;;;;;;;;;;;
d_ryazans;Ryazan;;;;;;;;;;;;;;;;;;;;;;;;;;;;
d_murom;Murom;;;;;;;;;;;;;;;;;;;;;;;;;;;;
d_upper_oka;Upper Oka;;;;;;;;;;;;;;;;;;;;;;;;;;;;
d_moskva;Moscow;;;;;;;;;;;;;;;;;;;;;;;;;;;;
d_moskva_adj;Muscovite;;;;;;;;;;;;;;;;;;;;;;;;;;;;
k_polotsk;Polotsk;;;;;;;;;;;;;;;;;;;;;;;;;;;;
k_polotsk_adj;Polotskian;;;;;;;;;;;;;;;;;;;;;;;;;;;;
d_polotsk;Polotsk;;;;;;;;;;;;;;;;;;;;;;;;;;;;
d_polotsk_adj;Polotskian;;;;;;;;;;;;;;;;;;;;;;;;;;;;
d_minsk;Minsk;;;;;;;;;;;;;;;;;;;;;;;;;;;;
d_minsk_adj;Minskian;;;;;;;;;;;;;;;;;;;;;;;;;;;;
k_ruthenia;Kiev;;;;;;;;;;;;;;;;;;;;;;;;;;;;
k_ruthenia_adj;Kievan;;;;;;;;;;;;;;;;;;;;;;;;;;;;
d_kiev;Kiev;;;;;;;;;;;;;;;;;;;;;;;;;;;;
d_kiev_adj;Kievan;;;;;;;;;;;;;;;;;;;;;;;;;;;;
d_pereyaslavl;Pereyaslavl;;;;;;;;;;;;;;;;;;;;;;;;;;;;
d_pereyaslavl_adj;Pereyaslavian;;;;;;;;;;;;;;;;;;;;;;;;;;;;
d_smolensk;Smolensk;;;;;;;;;;;;;;;;;;;;;;;;;;;;
d_smolensk_adj;Smolenskian;;;;;;;;;;;;;;;;;;;;;;;;;;;;
d_toropec;Toropets;;;;;;;;;;;;;;;;;;;;;;;;;;;;
d_turov;Turov;;;;;;;;;;;;;;;;;;;;;;;;;;;;
d_turov_adj;Turovian;;;;;;;;;;;;;;;;;;;;;;;;;;;;
d_novgorod-seversk;Severia;;;;;;;;;;;;;;;;;;;;;;;;;;;;
d_novgorod-seversk_adj;Severian;;;;;;;;;;;;;;;;;;;;;;;;;;;;
d_chernigov;Chernigov;;;;;;;;;;;;;;;;;;;;;;;;;;;;
d_chernigov_adj;Chernigovian;;;;;;;;;;;;;;;;;;;;;;;;;;;;
d_novosil;Verkhovye;;;;;;;;;;;;;;;;;;;;;;;;;;;;
k_galicia;Galicia–Volhynia;;;;;;;;;;;;;;;;;;;;;;;;;;;;
k_galicia_adj;Galician–Volhynian;;;;;;;;;;;;;;;;;;;;;;;;;;;;
d_galich;Galicia;;;;;;;;;;;;;;;;;;;;;;;;;;;;
d_galich_adj;Galician;;;;;;;;;;;;;;;;;;;;;;;;;;;;
d_volhynia;Volhynia;;;;;;;;;;;;;;;;;;;;;;;;;;;;
d_volhynia_adj;Volhynian;;;;;;;;;;;;;;;;;;;;;;;;;;;;
d_belz;Belz;;;;;;;;;;;;;;;;;;;;;;;;;;;;
d_zvenyhorod;Zvenigorod;;;;;;;;;;;;;;;;;;;;;;;;;;;;
d_podlaise;Podlachia;;;;;;;;;;;;;;;;;;;;;;;;;;;;
d_podlaise_adj;Podlachian;;;;;;;;;;;;;;;;;;;;;;;;;;;;
e_russia;Kievan Rus’;;;;;;;;;;;;;;;;;;;;;;;;;;;;
e_russia_adj;Russian;;;;;;;;;;;;;;;;;;;;;;;;;;;;
e_russia_adj_danish;Gardariki;;;;;;;;;;;;;;;;;;;;;;;;;;;;
e_russia_adj_norwegian;Gardariki;;;;;;;;;;;;;;;;;;;;;;;;;;;;
e_russia_adj_swedish;Gardariki;;;;;;;;;;;;;;;;;;;;;;;;;;;;
e_russia_adj_gothic;Gardariki;;;;;;;;;;;;;;;;;;;;;;;;;;;;
e_russia_adj_norse;Gardariki;;;;;;;;;;;;;;;;;;;;;;;;;;;;
e_russia_adj_icelandic;Gardariki;;;;;;;;;;;;;;;;;;;;;;;;;;;;
e_russia_adj_anglonorse;Gardariki;;;;;;;;;;;;;;;;;;;;;;;;;;;;
e_mali;Mali;;;;;;;;;;;;;;;;;;;;;;;;;;;;
e_mali_adj;Malian;;;;;;;;;;;;;;;;;;;;;;;;;;;;
k_ghana;Ghana;;;;;;;;;;;;;;;;;;;;;;;;;;;;
k_ghana_adj;Ghanan;;;;;;;;;;;;;;;;;;;;;;;;;;;;
k_mali;Mali;;;;;;;;;;;;;;;;;;;;;;;;;;;;
k_mali_adj;Malian;;;;;;;;;;;;;;;;;;;;;;;;;;;;
d_ghana;Ghana;;;;;;;;;;;;;;;;;;;;;;;;;;;;
d_ghana_adj;Ghanan;;;;;;;;;;;;;;;;;;;;;;;;;;;;
d_mema;Méma;;;;;;;;;;;;;;;;;;;;;;;;;;;;
d_tagant;Tagant;;;;;;;;;;;;;;;;;;;;;;;;;;;;
d_oualata;Oualata;;;;;;;;;;;;;;;;;;;;;;;;;;;;
d_mali;Mali;;;;;;;;;;;;;;;;;;;;;;;;;;;;
d_mali_adj;Malian;;;;;;;;;;;;;;;;;;;;;;;;;;;;
d_bambuk;Bambouk;;;;;;;;;;;;;;;;;;;;;;;;;;;;
d_kala;Kala;;;;;;;;;;;;;;;;;;;;;;;;;;;;
d_wolof;Jolof;;;;;;;;;;;;;;;;;;;;;;;;;;;;
k_songhay;Songhay;;;;;;;;;;;;;;;;;;;;;;;;;;;;
d_songhay;Songhai;;;;;;;;;;;;;;;;;;;;;;;;;;;;
d_mossi;Mossi;;;;;;;;;;;;;;;;;;;;;;;;;;;;
e_africa;Africa;;;;;;;;;;;;;;;;;;;;;;;;;;;;
e_africa_adj;African;;;;;;;;;;;;;;;;;;;;;;;;;;;;
k_africa;Ifriqiya;;;;;;;;;;;;;;;;;;;;;;;;;;;;
k_africa_adj;Ifriqiyan;;;;;;;;;;;;;;;;;;;;;;;;;;;;
k_africa_adj_greek;African;;;;;;;;;;;;;;;;;;;;;;;;;;;;
k_africa_adj_roman;African;;;;;;;;;;;;;;;;;;;;;;;;;;;;
k_mauretania;Mauretania;;;;;;;;;;;;;;;;;;;;;;;;;;;;
k_mauretania_adj;Mauretanian;;;;;;;;;;;;;;;;;;;;;;;;;;;;
d_tunis;Ifriqiya;;;;;;;;;;;;;;;;;;;;;;;;;;;;
d_tunis_adj;Ifriqiyan;;;;;;;;;;;;;;;;;;;;;;;;;;;;
d_tunis_adj_greek;African;;;;;;;;;;;;;;;;;;;;;;;;;;;;
d_tunis_adj_roman;African;;;;;;;;;;;;;;;;;;;;;;;;;;;;
d_qamuda;Qammuda;;;;;;;;;;;;;;;;;;;;;;;;;;;;
d_tripolitania;Tripolitania;;;;;;;;;;;;;;;;;;;;;;;;;;;;
d_tripolitania_adj;Tripolitanian;;;;;;;;;;;;;;;;;;;;;;;;;;;;
d_kabylia;Kabylia;;;;;;;;;;;;;;;;;;;;;;;;;;;;
d_kabylia_adj;Kabyle;;;;;;;;;;;;;;;;;;;;;;;;;;;;
d_kabylia_adj_greek;Numidian;;;;;;;;;;;;;;;;;;;;;;;;;;;;
d_kabylia_adj_roman;Numidian;;;;;;;;;;;;;;;;;;;;;;;;;;;;
d_zab;Zab;;;;;;;;;;;;;;;;;;;;;;;;;;;;
d_zab_adj_greek;Numidian;;;;;;;;;;;;;;;;;;;;;;;;;;;;
d_zab_adj_roman;Numidian;;;;;;;;;;;;;;;;;;;;;;;;;;;;
d_alger;Tiaret;;;;;;;;;;;;;;;;;;;;;;;;;;;;
d_alger_adj;Tiaret;;;;;;;;;;;;;;;;;;;;;;;;;;;;
d_tlemcen;Tlemcen;;;;;;;;;;;;;;;;;;;;;;;;;;;;
d_tlemcen_adj;Tlemcenian;;;;;;;;;;;;;;;;;;;;;;;;;;;;
d_tangiers;Tangier;;;;;;;;;;;;;;;;;;;;;;;;;;;;
d_tangiers_adj;Tangier;;;;;;;;;;;;;;;;;;;;;;;;;;;;
d_fes;Fes;;;;;;;;;;;;;;;;;;;;;;;;;;;;
d_fes_adj;Fes;;;;;;;;;;;;;;;;;;;;;;;;;;;;
d_marrakech;Marrakesh;;;;;;;;;;;;;;;;;;;;;;;;;;;;
d_marrakech_adj;Marrakeshi;;;;;;;;;;;;;;;;;;;;;;;;;;;;
d_draa;Draa;;;;;;;;;;;;;;;;;;;;;;;;;;;;
d_adrar;Adrar;;;;;;;;;;;;;;;;;;;;;;;;;;;;
d_taghaza;Taghaza;;;;;;;;;;;;;;;;;;;;;;;;;;;;
d_takrur;Takrur;;;;;;;;;;;;;;;;;;;;;;;;;;;;
k_egypt;Egypt;;;;;;;;;;;;;;;;;;;;;;;;;;;;
k_egypt_adj;Egyptian;;;;;;;;;;;;;;;;;;;;;;;;;;;;
d_alexandria;Alexandria;;;;;;;;;;;;;;;;;;;;;;;;;;;;
d_alexandria_adj;Alexandrian;;;;;;;;;;;;;;;;;;;;;;;;;;;;
d_alexandria_adj_greek;Egyptian;;;;;;;;;;;;;;;;;;;;;;;;;;;;
d_damietta;Damietta;;;;;;;;;;;;;;;;;;;;;;;;;;;;
d_damietta_adj;Damiettan;;;;;;;;;;;;;;;;;;;;;;;;;;;;
d_damietta_adj_greek;Augustamnica;;;;;;;;;;;;;;;;;;;;;;;;;;;;
d_cairo;Cairo;;;;;;;;;;;;;;;;;;;;;;;;;;;;
d_cairo_adj;Cairene;;;;;;;;;;;;;;;;;;;;;;;;;;;;
d_cairo_adj_greek;Arcadian;;;;;;;;;;;;;;;;;;;;;;;;;;;;
d_alwahat;Al Wahat;;;;;;;;;;;;;;;;;;;;;;;;;;;;
d_aswan;Upper Egypt;;;;;;;;;;;;;;;;;;;;;;;;;;;;
d_aswan_adj;Upper Egyptian;;;;;;;;;;;;;;;;;;;;;;;;;;;;
d_aswan_adj_greek;Theban;;;;;;;;;;;;;;;;;;;;;;;;;;;;
d_cyrenaica;Cyrenaica;;;;;;;;;;;;;;;;;;;;;;;;;;;;
d_cyrenaica_adj;Cyrenaican;;;;;;;;;;;;;;;;;;;;;;;;;;;;
d_nubia;Nubia;;;;;;;;;;;;;;;;;;;;;;;;;;;;
d_nubia_adj;Nubian;;;;;;;;;;;;;;;;;;;;;;;;;;;;
k_tuat;Tuat;;;;;;;;;;;;;;;;;;;;;;;;;;;;
k_hoggar;Hoggar;;;;;;;;;;;;;;;;;;;;;;;;;;;;
k_air;Aïr;;;;;;;;;;;;;;;;;;;;;;;;;;;;
k_kawar;Kaouar;;;;;;;;;;;;;;;;;;;;;;;;;;;;
k_mzab;Mzab;;;;;;;;;;;;;;;;;;;;;;;;;;;;
k_mzab_adj;Mozabite;;;;;;;;;;;;;;;;;;;;;;;;;;;;
k_tibesti;Tibesti;;;;;;;;;;;;;;;;;;;;;;;;;;;;
k_fezzan;Fezzan;;;;;;;;;;;;;;;;;;;;;;;;;;;;
k_canarias;Canary Islands;;;;;;;;;;;;;;;;;;;;;;;;;;;;
k_canarias_adj;Canarian;;;;;;;;;;;;;;;;;;;;;;;;;;;;
d_canarias;Canary Islands;;;;;;;;;;;;;;;;;;;;;;;;;;;;
d_canarias_adj;Canarian;;;;;;;;;;;;;;;;;;;;;;;;;;;;
d_madeira;Madeira;;;;;;;;;;;;;;;;;;;;;;;;;;;;
d_madeira_adj;Madeiran;;;;;;;;;;;;;;;;;;;;;;;;;;;;
d_madeira_adj_greek;Erythian;;;;;;;;;;;;;;;;;;;;;;;;;;;;
d_madeira_adj_arberian;Erythian;;;;;;;;;;;;;;;;;;;;;;;;;;;;
d_madeira_adj_armenian;Erythian;;;;;;;;;;;;;;;;;;;;;;;;;;;;
d_madeira_adj_alan;Erythian;;;;;;;;;;;;;;;;;;;;;;;;;;;;
d_madeira_adj_georgian;Erythian;;;;;;;;;;;;;;;;;;;;;;;;;;;;
d_silla;Silla;;;;;;;;;;;;;;;;;;;;;;;;;;;;
k_takrur;Takrur;;;;;;;;;;;;;;;;;;;;;;;;;;;;
k_sennar;Sennar;;;;;;;;;;;;;;;;;;;;;;;;;;;;
k_maikelebahr;Medri Bahri;;;;;;;;;;;;;;;;;;;;;;;;;;;;
d_aydhab;‘Aydhab;;;;;;;;;;;;;;;;;;;;;;;;;;;;
d_alodia;Alodia;;;;;;;;;;;;;;;;;;;;;;;;;;;;
d_alodia_adj;Alodian;;;;;;;;;;;;;;;;;;;;;;;;;;;;
d_nobatia;Nobatia;;;;;;;;;;;;;;;;;;;;;;;;;;;;
d_nobatia_adj;Nobatian;;;;;;;;;;;;;;;;;;;;;;;;;;;;
k_kanem;Kanem;;;;;;;;;;;;;;;;;;;;;;;;;;;;
k_kanem_adj;Kanembu;;;;;;;;;;;;;;;;;;;;;;;;;;;;
k_bornu;Bornu;;;;;;;;;;;;;;;;;;;;;;;;;;;;
d_bornu;Bornu;;;;;;;;;;;;;;;;;;;;;;;;;;;;
d_kanem;Kanem;;;;;;;;;;;;;;;;;;;;;;;;;;;;
d_kanem_adj;Kanembu;;;;;;;;;;;;;;;;;;;;;;;;;;;;
d_wadai;Wadai;;;;;;;;;;;;;;;;;;;;;;;;;;;;
k_hausaland;Hausaland;;;;;;;;;;;;;;;;;;;;;;;;;;;;
k_hausaland_adj;Hausa;;;;;;;;;;;;;;;;;;;;;;;;;;;;
d_kano;Kano;;;;;;;;;;;;;;;;;;;;;;;;;;;;
d_kebbi;Kebbi;;;;;;;;;;;;;;;;;;;;;;;;;;;;
d_gobir;Gobir;;;;;;;;;;;;;;;;;;;;;;;;;;;;
d_kassala;Kassala;;;;;;;;;;;;;;;;;;;;;;;;;;;;
d_darfur;Darfur;;;;;;;;;;;;;;;;;;;;;;;;;;;;
d_darfur_adj;Darfuri;;;;;;;;;;;;;;;;;;;;;;;;;;;;
d_elatrun;El Atrun;;;;;;;;;;;;;;;;;;;;;;;;;;;;
k_darfur;Darfur;;;;;;;;;;;;;;;;;;;;;;;;;;;;
k_darfur_adj;Darfuri;;;;;;;;;;;;;;;;;;;;;;;;;;;;
d_amhara;Amhara;;;;;;;;;;;;;;;;;;;;;;;;;;;;
d_damot;Damot;;;;;;;;;;;;;;;;;;;;;;;;;;;;
d_damot_adj;Damot;;;;;;;;;;;;;;;;;;;;;;;;;;;;
d_badi;Badi;;;;;;;;;;;;;;;;;;;;;;;;;;;;
d_afar;Afar;;;;;;;;;;;;;;;;;;;;;;;;;;;;
d_afar_adj;Afar;;;;;;;;;;;;;;;;;;;;;;;;;;;;
d_ifat;Ifat;;;;;;;;;;;;;;;;;;;;;;;;;;;;
d_berbera;Berbera;;;;;;;;;;;;;;;;;;;;;;;;;;;;
d_tedjoura;Tadjoura;;;;;;;;;;;;;;;;;;;;;;;;;;;;
k_adal;Adal;;;;;;;;;;;;;;;;;;;;;;;;;;;;
k_adal_adj;Adalite;;;;;;;;;;;;;;;;;;;;;;;;;;;;
e_britannia;Britannia;;;;;;;;;;;;;;;;;;;;;;;;;;;;
e_britannia_adj;British;;;;;;;;;;;;;;;;;;;;;;;;;;;;
e_britannia_adj_cumbric;Briton;;;;;;;;;;;;;;;;;;;;;;;;;;;;
e_britannia_adj_welsh;Briton;;;;;;;;;;;;;;;;;;;;;;;;;;;;
k_england_adj_irish;Logres;;;;;;;;;;;;;;;;;;;;;;;;;;;;
k_england_adj_scottish;Logres;;;;;;;;;;;;;;;;;;;;;;;;;;;;
k_england_adj_cumbric;Logres;;;;;;;;;;;;;;;;;;;;;;;;;;;;
k_england_adj_welsh;Logres;;;;;;;;;;;;;;;;;;;;;;;;;;;;
k_england_adj_breton;Logres;;;;;;;;;;;;;;;;;;;;;;;;;;;;
k_england_adj_cornish;Logres;;;;;;;;;;;;;;;;;;;;;;;;;;;;
d_hereford;Mercia;;;;;;;;;;;;;;;;;;;;;;;;;;;;
d_hereford_adj;Mercian;;;;;;;;;;;;;;;;;;;;;;;;;;;;
d_hereford_adj_english;Herefordian;;;;;;;;;;;;;;;;;;;;;;;;;;;;
d_hereford_adj_irish;Dobunnic;;;;;;;;;;;;;;;;;;;;;;;;;;;;
d_hereford_adj_scottish;Dobunnic;;;;;;;;;;;;;;;;;;;;;;;;;;;;
d_hereford_adj_cumbric;Dobunnic;;;;;;;;;;;;;;;;;;;;;;;;;;;;
d_hereford_adj_welsh;Dobunnic;;;;;;;;;;;;;;;;;;;;;;;;;;;;
d_hereford_adj_breton;Dobunnic;;;;;;;;;;;;;;;;;;;;;;;;;;;;
d_hereford_adj_cornish;Dobunnic;;;;;;;;;;;;;;;;;;;;;;;;;;;;
d_channel_islands;Channel Islands;;;;;;;;;;;;;;;;;;;;;;;;;;;;
d_cornwall;Cornwall;;;;;;;;;;;;;;;;;;;;;;;;;;;;
d_cornwall_adj;Cornish;;;;;;;;;;;;;;;;;;;;;;;;;;;;
d_cornwall_adj_irish;Dumnonian;;;;;;;;;;;;;;;;;;;;;;;;;;;;
d_cornwall_adj_scottish;Dumnonian;;;;;;;;;;;;;;;;;;;;;;;;;;;;
d_cornwall_adj_breton;Dumnonian;;;;;;;;;;;;;;;;;;;;;;;;;;;;
d_cornwall_adj_cornish;Dumnonian;;;;;;;;;;;;;;;;;;;;;;;;;;;;
d_cornwall_adj_cumbric;Dumnonian;;;;;;;;;;;;;;;;;;;;;;;;;;;;
d_cornwall_adj_welsh;Dumnonian;;;;;;;;;;;;;;;;;;;;;;;;;;;;
d_norfolk;East Anglia;;;;;;;;;;;;;;;;;;;;;;;;;;;;
d_norfolk_adj;East Anglian;;;;;;;;;;;;;;;;;;;;;;;;;;;;
d_norfolk_adj_english;Norfolkian;;;;;;;;;;;;;;;;;;;;;;;;;;;;
d_norfolk_adj_cornish;Venta;;;;;;;;;;;;;;;;;;;;;;;;;;;;
d_norfolk_adj_breton;Venta;;;;;;;;;;;;;;;;;;;;;;;;;;;;
d_norfolk_adj_welsh;Venta;;;;;;;;;;;;;;;;;;;;;;;;;;;;
d_norfolk_adj_cumbric;Venta;;;;;;;;;;;;;;;;;;;;;;;;;;;;
d_norfolk_adj_irish;Venta;;;;;;;;;;;;;;;;;;;;;;;;;;;;
d_norfolk_adj_scottish;Venta;;;;;;;;;;;;;;;;;;;;;;;;;;;;
d_essex;Essex;;;;;;;;;;;;;;;;;;;;;;;;;;;;
d_fivebouroughs;Five Boroughs;;;;;;;;;;;;;;;;;;;;;;;;;;;;
d_fivebouroughs_adj;Five Boroughs;;;;;;;;;;;;;;;;;;;;;;;;;;;;
d_fivebouroughs_adj_irish;Elmetian;;;;;;;;;;;;;;;;;;;;;;;;;;;;
d_fivebouroughs_adj_cumbric;Elmetian;;;;;;;;;;;;;;;;;;;;;;;;;;;;
d_fivebouroughs_adj_welsh;Elmetian;;;;;;;;;;;;;;;;;;;;;;;;;;;;
d_fivebouroughs_adj_breton;Elmetian;;;;;;;;;;;;;;;;;;;;;;;;;;;;
d_fivebouroughs_adj_cornish;Elmetian;;;;;;;;;;;;;;;;;;;;;;;;;;;;
d_fivebouroughs_adj_scottish;Elmetian;;;;;;;;;;;;;;;;;;;;;;;;;;;;
d_canterbury;Kent;;;;;;;;;;;;;;;;;;;;;;;;;;;;
d_canterbury_adj;Kentish;;;;;;;;;;;;;;;;;;;;;;;;;;;;
d_canterbury_adj_english;Surrey;;;;;;;;;;;;;;;;;;;;;;;;;;;;
d_lancaster;Lancaster;;;;;;;;;;;;;;;;;;;;;;;;;;;;
d_lancaster_adj;Lancastrian;;;;;;;;;;;;;;;;;;;;;;;;;;;;
d_lancaster_adj_irish;Rhegedian;;;;;;;;;;;;;;;;;;;;;;;;;;;;
d_lancaster_adj_welsh;Rhegedian;;;;;;;;;;;;;;;;;;;;;;;;;;;;
d_lancaster_adj_cumbric;Rhegedian;;;;;;;;;;;;;;;;;;;;;;;;;;;;
d_lancaster_adj_breton;Rhegedian;;;;;;;;;;;;;;;;;;;;;;;;;;;;
d_lancaster_adj_cornish;Rhegedian;;;;;;;;;;;;;;;;;;;;;;;;;;;;
d_lancaster_adj_scottish;Rhegedian;;;;;;;;;;;;;;;;;;;;;;;;;;;;
d_bedford;Middle Anglia;;;;;;;;;;;;;;;;;;;;;;;;;;;;
d_bedford_adj;Middle Anglian;;;;;;;;;;;;;;;;;;;;;;;;;;;;
d_bedford_adj_english;Bedford;;;;;;;;;;;;;;;;;;;;;;;;;;;;
d_bedford_adj_irish;Calchfynydd;;;;;;;;;;;;;;;;;;;;;;;;;;;;
d_bedford_adj_cumbric;Calchfynydd;;;;;;;;;;;;;;;;;;;;;;;;;;;;
d_bedford_adj_welsh;Calchfynydd;;;;;;;;;;;;;;;;;;;;;;;;;;;;
d_bedford_adj_breton;Calchfynydd;;;;;;;;;;;;;;;;;;;;;;;;;;;;
d_bedford_adj_cornish;Calchfynydd;;;;;;;;;;;;;;;;;;;;;;;;;;;;
d_bedford_adj_scottish;Calchfynydd;;;;;;;;;;;;;;;;;;;;;;;;;;;;
d_northumberland;Northumberland;;;;;;;;;;;;;;;;;;;;;;;;;;;;
d_northumberland_adj;Northumbrian;;;;;;;;;;;;;;;;;;;;;;;;;;;;
d_northumberland_adj_cumbric;Bernician;;;;;;;;;;;;;;;;;;;;;;;;;;;;
d_northumberland_adj_welsh;Bernician;;;;;;;;;;;;;;;;;;;;;;;;;;;;
d_northumberland_adj_irish;Bernician;;;;;;;;;;;;;;;;;;;;;;;;;;;;
d_northumberland_adj_scottish;Bernician;;;;;;;;;;;;;;;;;;;;;;;;;;;;
d_northumberland_adj_cornish;Bernician;;;;;;;;;;;;;;;;;;;;;;;;;;;;
d_northumberland_adj_breton;Bernician;;;;;;;;;;;;;;;;;;;;;;;;;;;;
d_somerset;Wessex;;;;;;;;;;;;;;;;;;;;;;;;;;;;
d_somerset_adj;Wessexian;;;;;;;;;;;;;;;;;;;;;;;;;;;;
d_somerset_adj_english;Somerset;;;;;;;;;;;;;;;;;;;;;;;;;;;;
d_somerset_adj_irish;Wintonian;;;;;;;;;;;;;;;;;;;;;;;;;;;;
d_somerset_adj_scottish;Wintonian;;;;;;;;;;;;;;;;;;;;;;;;;;;;
d_somerset_adj_cumbric;Wintonian;;;;;;;;;;;;;;;;;;;;;;;;;;;;
d_somerset_adj_welsh;Wintonian;;;;;;;;;;;;;;;;;;;;;;;;;;;;
d_somerset_adj_breton;Wintonian;;;;;;;;;;;;;;;;;;;;;;;;;;;;
d_somerset_adj_cornish;Wintonian;;;;;;;;;;;;;;;;;;;;;;;;;;;;
d_york;York;;;;;;;;;;;;;;;;;;;;;;;;;;;;
d_york_adj;York;;;;;;;;;;;;;;;;;;;;;;;;;;;;
d_york_adj_cumbric;Deifr;;;;;;;;;;;;;;;;;;;;;;;;;;;;
d_york_adj_welsh;Deifr;;;;;;;;;;;;;;;;;;;;;;;;;;;;
d_york_adj_irish;Deifr;;;;;;;;;;;;;;;;;;;;;;;;;;;;
d_york_adj_cornish;Deifr;;;;;;;;;;;;;;;;;;;;;;;;;;;;
d_york_adj_scottish;Deifr;;;;;;;;;;;;;;;;;;;;;;;;;;;;
d_york_adj_breton;Deifr;;;;;;;;;;;;;;;;;;;;;;;;;;;;
k_ireland;Ireland;;;;;;;;;;;;;;;;;;;;;;;;;;;;
k_ireland_adj;Irish;;;;;;;;;;;;;;;;;;;;;;;;;;;;
d_oneill;Uí Néill;;;;;;;;;;;;;;;;;;;;;;;;;;;;
d_oneill_adj;Uí Néill;;;;;;;;;;;;;;;;;;;;;;;;;;;;
d_airgialla;Oriel;;;;;;;;;;;;;;;;;;;;;;;;;;;;
d_breifne;Breffny;;;;;;;;;;;;;;;;;;;;;;;;;;;;
d_thomond;Thomond;;;;;;;;;;;;;;;;;;;;;;;;;;;;
d_thomond_adj;Thomondian;;;;;;;;;;;;;;;;;;;;;;;;;;;;
d_ossory;Ossory;;;;;;;;;;;;;;;;;;;;;;;;;;;;
d_ossory_adj;Ossorian;;;;;;;;;;;;;;;;;;;;;;;;;;;;
d_meath;Meath;;;;;;;;;;;;;;;;;;;;;;;;;;;;
d_meath_adj;Meathian;;;;;;;;;;;;;;;;;;;;;;;;;;;;
k_ellan_vannin;Isles;;;;;;;;;;;;;;;;;;;;;;;;;;;;
k_ellan_vannin_adj_irish;Dál Riata;;;;;;;;;;;;;;;;;;;;;;;;;;;;
d_ellan_vannin;Isle of Man;;;;;;;;;;;;;;;;;;;;;;;;;;;;
d_ellan_vannin_adj;Manx;;;;;;;;;;;;;;;;;;;;;;;;;;;;
d_western_isles;Outer Hebrides;;;;;;;;;;;;;;;;;;;;;;;;;;;;
d_western_isles_adj;Outer Hebridean;;;;;;;;;;;;;;;;;;;;;;;;;;;;
d_western_isles_adj_norwegian;Hebridean;;;;;;;;;;;;;;;;;;;;;;;;;;;;
d_western_isles_adj_icelandic;Hebridean;;;;;;;;;;;;;;;;;;;;;;;;;;;;
d_western_isles_adj_norsegaelic;Hebridean;;;;;;;;;;;;;;;;;;;;;;;;;;;;
d_western_isles_adj_swedish;Hebridean;;;;;;;;;;;;;;;;;;;;;;;;;;;;
d_western_isles_adj_gothic;Hebridean;;;;;;;;;;;;;;;;;;;;;;;;;;;;
d_western_isles_adj_norse;Hebridean;;;;;;;;;;;;;;;;;;;;;;;;;;;;
d_western_isles_adj_danish;Hebridean;;;;;;;;;;;;;;;;;;;;;;;;;;;;
d_hebrides;Inner Hebrides;;;;;;;;;;;;;;;;;;;;;;;;;;;;
d_hebrides_adj;Inner Hebridean;;;;;;;;;;;;;;;;;;;;;;;;;;;;
d_hebrides_adj_norwegian;Lochlann;;;;;;;;;;;;;;;;;;;;;;;;;;;;
d_hebrides_adj_icelandic;Lochlann;;;;;;;;;;;;;;;;;;;;;;;;;;;;
d_hebrides_adj_norsegaelic;Lochlann;;;;;;;;;;;;;;;;;;;;;;;;;;;;
d_hebrides_adj_swedish;Lochlann;;;;;;;;;;;;;;;;;;;;;;;;;;;;
d_hebrides_adj_gothic;Lochlann;;;;;;;;;;;;;;;;;;;;;;;;;;;;
d_hebrides_adj_norse;Lochlann;;;;;;;;;;;;;;;;;;;;;;;;;;;;
d_hebrides_adj_danish;Lochlann;;;;;;;;;;;;;;;;;;;;;;;;;;;;
d_hebrides_adj_cumbric;Argyll;;;;;;;;;;;;;;;;;;;;;;;;;;;;
d_hebrides_adj_welsh;Argyll;;;;;;;;;;;;;;;;;;;;;;;;;;;;
d_hebrides_adj_irish;Argyll;;;;;;;;;;;;;;;;;;;;;;;;;;;;
d_hebrides_adj_cornish;Argyll;;;;;;;;;;;;;;;;;;;;;;;;;;;;
d_hebrides_adj_scottish;Argyll;;;;;;;;;;;;;;;;;;;;;;;;;;;;
d_hebrides_adj_breton;Argyll;;;;;;;;;;;;;;;;;;;;;;;;;;;;
d_orkney;Orkney;;;;;;;;;;;;;;;;;;;;;;;;;;;;
d_orkney_adj;Orcadian;;;;;;;;;;;;;;;;;;;;;;;;;;;;
d_orkney_adj_norwegian;Northern Isles;;;;;;;;;;;;;;;;;;;;;;;;;;;;
d_orkney_adj_icelandic;Northern Isles;;;;;;;;;;;;;;;;;;;;;;;;;;;;
d_orkney_adj_norsegaelic;Northern Isles;;;;;;;;;;;;;;;;;;;;;;;;;;;;
d_orkney_adj_swedish;Northern Isles;;;;;;;;;;;;;;;;;;;;;;;;;;;;
d_orkney_adj_gothic;Northern Isles;;;;;;;;;;;;;;;;;;;;;;;;;;;;
d_orkney_adj_norse;Northern Isles;;;;;;;;;;;;;;;;;;;;;;;;;;;;
d_orkney_adj_danish;Northern Isles;;;;;;;;;;;;;;;;;;;;;;;;;;;;
k_scotland;Alba;;;;;;;;;;;;;;;;;;;;;;;;;;;;
k_scotland_adj_norwegian;Scottish;;;;;;;;;;;;;;;;;;;;;;;;;;;;
k_scotland_adj_icelandic;Scottish;;;;;;;;;;;;;;;;;;;;;;;;;;;;
k_scotland_adj_norsegaelic;Scottish;;;;;;;;;;;;;;;;;;;;;;;;;;;;
k_scotland_adj_swedish;Scottish;;;;;;;;;;;;;;;;;;;;;;;;;;;;
k_scotland_adj_gothic;Scottish;;;;;;;;;;;;;;;;;;;;;;;;;;;;
k_scotland_adj_norse;Scottish;;;;;;;;;;;;;;;;;;;;;;;;;;;;
k_scotland_adj_danish;Scottish;;;;;;;;;;;;;;;;;;;;;;;;;;;;
k_scotland_adj_english;Scottish;;;;;;;;;;;;;;;;;;;;;;;;;;;;
k_scotland_adj_saxon;Scottish;;;;;;;;;;;;;;;;;;;;;;;;;;;;
d_galloway;Galloway;;;;;;;;;;;;;;;;;;;;;;;;;;;;
d_galloway_adj;Galloway;;;;;;;;;;;;;;;;;;;;;;;;;;;;
d_lothian;Lothian;;;;;;;;;;;;;;;;;;;;;;;;;;;;
d_lothian_adj;Lothian;;;;;;;;;;;;;;;;;;;;;;;;;;;;
d_albany;Albany;;;;;;;;;;;;;;;;;;;;;;;;;;;;
d_albany_adj;Albany;;;;;;;;;;;;;;;;;;;;;;;;;;;;
d_albany_adj_cumbric;Kincardine;;;;;;;;;;;;;;;;;;;;;;;;;;;;
d_albany_adj_welsh;Kincardine;;;;;;;;;;;;;;;;;;;;;;;;;;;;
d_albany_adj_irish;Kincardine;;;;;;;;;;;;;;;;;;;;;;;;;;;;
d_albany_adj_cornish;Kincardine;;;;;;;;;;;;;;;;;;;;;;;;;;;;
d_albany_adj_scottish;Kincardine;;;;;;;;;;;;;;;;;;;;;;;;;;;;
d_albany_adj_breton;Kincardine;;;;;;;;;;;;;;;;;;;;;;;;;;;;
d_moray;Moray;;;;;;;;;;;;;;;;;;;;;;;;;;;;
d_moray_adj;Moray;;;;;;;;;;;;;;;;;;;;;;;;;;;;
d_aberdeen;Aberdeen;;;;;;;;;;;;;;;;;;;;;;;;;;;;
d_highlands;Scottish Highlands;;;;;;;;;;;;;;;;;;;;;;;;;;;;
d_highlands_adj;Highlander;;;;;;;;;;;;;;;;;;;;;;;;;;;;
d_strathclyde;Strathclyde;;;;;;;;;;;;;;;;;;;;;;;;;;;;
k_wales;Wales;;;;;;;;;;;;;;;;;;;;;;;;;;;;
k_wales_adj;Welsh;;;;;;;;;;;;;;;;;;;;;;;;;;;;
d_deheubarth;Deheubarth;;;;;;;;;;;;;;;;;;;;;;;;;;;;
d_deheubarth_adj;Deheubarth;;;;;;;;;;;;;;;;;;;;;;;;;;;;
d_gwynedd;Gwynedd;;;;;;;;;;;;;;;;;;;;;;;;;;;;
d_gwynedd_adj;Gwyneddian;;;;;;;;;;;;;;;;;;;;;;;;;;;;
d_morgannwg;Glamorgan;;;;;;;;;;;;;;;;;;;;;;;;;;;;
d_powys;Powys;;;;;;;;;;;;;;;;;;;;;;;;;;;;
d_powys_adj;Powys;;;;;;;;;;;;;;;;;;;;;;;;;;;;
d_ragusa;Dubrovnik;;;;;;;;;;;;;;;;;;;;;;;;;;;;
d_ragusa_adj;Dubrovnikan;;;;;;;;;;;;;;;;;;;;;;;;;;;;
k_ragusa;Dubrovnik;;;;;;;;;;;;;;;;;;;;;;;;;;;;
k_ragusa_adj;Dubrovnikan;;;;;;;;;;;;;;;;;;;;;;;;;;;;
k_serbia;Serbia;;;;;;;;;;;;;;;;;;;;;;;;;;;;
k_serbia_adj;Serbian;;;;;;;;;;;;;;;;;;;;;;;;;;;;
d_rashka;Raška;;;;;;;;;;;;;;;;;;;;;;;;;;;;
d_rashka_adj;Raškan;;;;;;;;;;;;;;;;;;;;;;;;;;;;
d_rashka_adj_roman;Moesian;;;;;;;;;;;;;;;;;;;;;;;;;;;;
d_macva;Macva;;;;;;;;;;;;;;;;;;;;;;;;;;;;
d_hum;Zachlumia;;;;;;;;;;;;;;;;;;;;;;;;;;;;
d_hum_adj;Zachlumian;;;;;;;;;;;;;;;;;;;;;;;;;;;;
d_dioclea;Zeta;;;;;;;;;;;;;;;;;;;;;;;;;;;;
d_dioclea_adj;Zeta;;;;;;;;;;;;;;;;;;;;;;;;;;;;
d_dioclea_adj_greek;Dukljan;;;;;;;;;;;;;;;;;;;;;;;;;;;;
d_dioclea_adj_arberian;Dukljan;;;;;;;;;;;;;;;;;;;;;;;;;;;;
d_dioclea_adj_roman;Dukljan;;;;;;;;;;;;;;;;;;;;;;;;;;;;
d_dioclea_adj_armenian;Dukljan;;;;;;;;;;;;;;;;;;;;;;;;;;;;
d_dioclea_adj_georgian;Dukljan;;;;;;;;;;;;;;;;;;;;;;;;;;;;
d_dioclea_adj_alan;Dukljan;;;;;;;;;;;;;;;;;;;;;;;;;;;;
d_dioclea_adj_oghuz;Shkodër;;;;;;;;;;;;;;;;;;;;;;;;;;;;
d_dioclea_adj_turkmen;Shkodër;;;;;;;;;;;;;;;;;;;;;;;;;;;;
d_dioclea_adj_turkish;Shkodër;;;;;;;;;;;;;;;;;;;;;;;;;;;;
k_bulgaria;Bulgaria;;;;;;;;;;;;;;;;;;;;;;;;;;;;
k_bulgaria_adj;Bulgarian;;;;;;;;;;;;;;;;;;;;;;;;;;;;
d_ohrid;Ohrid;;;;;;;;;;;;;;;;;;;;;;;;;;;;
d_ohrid_adj_greek;Bulgarian;;;;;;;;;;;;;;;;;;;;;;;;;;;;
d_ohrid_adj_arberian;Bulgarian;;;;;;;;;;;;;;;;;;;;;;;;;;;;
d_ohrid_adj_armenian;Bulgarian;;;;;;;;;;;;;;;;;;;;;;;;;;;;
d_ohrid_adj_georgian;Bulgarian;;;;;;;;;;;;;;;;;;;;;;;;;;;;
d_ohrid_adj_alan;Bulgarian;;;;;;;;;;;;;;;;;;;;;;;;;;;;
d_ohrid_adj_oghuz;Skopjan;;;;;;;;;;;;;;;;;;;;;;;;;;;;
d_ohrid_adj_turkmen;Skopjan;;;;;;;;;;;;;;;;;;;;;;;;;;;;
d_ohrid_adj_turkish;Skopjan;;;;;;;;;;;;;;;;;;;;;;;;;;;;
d_turnovo;Veliko Tarnovo;;;;;;;;;;;;;;;;;;;;;;;;;;;;
d_turnovo_adj;Veliko Tarnovo;;;;;;;;;;;;;;;;;;;;;;;;;;;;
d_turnovo_adj_greek;Paristrion;;;;;;;;;;;;;;;;;;;;;;;;;;;;
d_turnovo_adj_armenian;Paristrion;;;;;;;;;;;;;;;;;;;;;;;;;;;;
d_turnovo_adj_arberian;Paristrion;;;;;;;;;;;;;;;;;;;;;;;;;;;;
d_turnovo_adj_georgian;Paristrion;;;;;;;;;;;;;;;;;;;;;;;;;;;;
d_turnovo_adj_alan;Paristrion;;;;;;;;;;;;;;;;;;;;;;;;;;;;
d_turnovo_adj_oghuz;Nikopol;;;;;;;;;;;;;;;;;;;;;;;;;;;;
d_turnovo_adj_turkmen;Nikopol;;;;;;;;;;;;;;;;;;;;;;;;;;;;
d_turnovo_adj_turkish;Nikopol;;;;;;;;;;;;;;;;;;;;;;;;;;;;
d_karvuna;Dobruja;;;;;;;;;;;;;;;;;;;;;;;;;;;;
d_karvuna_adj;Dobrujan;;;;;;;;;;;;;;;;;;;;;;;;;;;;
d_karvuna_adj_greek;Scythian;;;;;;;;;;;;;;;;;;;;;;;;;;;;
d_karvuna_adj_armenian;Scythian;;;;;;;;;;;;;;;;;;;;;;;;;;;;
d_karvuna_adj_georgian;Scythian;;;;;;;;;;;;;;;;;;;;;;;;;;;;
d_karvuna_adj_alan;Scythian;;;;;;;;;;;;;;;;;;;;;;;;;;;;
d_karvuna_adj_arberian;Scythian;;;;;;;;;;;;;;;;;;;;;;;;;;;;
d_vidin;Vidin;;;;;;;;;;;;;;;;;;;;;;;;;;;;
d_vidin_adj;Vidin;;;;;;;;;;;;;;;;;;;;;;;;;;;;
d_adrianopolis;Plovdiv;;;;;;;;;;;;;;;;;;;;;;;;;;;;
d_adrianopolis_adj;Plovdiv;;;;;;;;;;;;;;;;;;;;;;;;;;;;
d_adrianopolis_adj_greek;Macedonian;;;;;;;;;;;;;;;;;;;;;;;;;;;;
d_adrianopolis_adj_arberian;Macedonian;;;;;;;;;;;;;;;;;;;;;;;;;;;;
d_adrianopolis_adj_armenian;Macedonian;;;;;;;;;;;;;;;;;;;;;;;;;;;;
d_adrianopolis_adj_alan;Macedonian;;;;;;;;;;;;;;;;;;;;;;;;;;;;
d_adrianopolis_adj_georgian;Macedonian;;;;;;;;;;;;;;;;;;;;;;;;;;;;
d_adrianopolis_adj_oghuz;Rumelian;;;;;;;;;;;;;;;;;;;;;;;;;;;;
d_adrianopolis_adj_turkmen;Rumelian;;;;;;;;;;;;;;;;;;;;;;;;;;;;
d_adrianopolis_adj_turkish;Rumelian;;;;;;;;;;;;;;;;;;;;;;;;;;;;
d_adrianopolis_adj_maghreb_arabic;Macedonian;;;;;;;;;;;;;;;;;;;;;;;;;;;;
d_adrianopolis_adj_levantine_arabic;Macedonian;;;;;;;;;;;;;;;;;;;;;;;;;;;;
d_adrianopolis_adj_egyptian_arabic;Macedonian;;;;;;;;;;;;;;;;;;;;;;;;;;;;
d_adrianopolis_adj_sicilian_arabic;Macedonian;;;;;;;;;;;;;;;;;;;;;;;;;;;;
d_adrianopolis_adj_andalusian_arabic;Macedonian;;;;;;;;;;;;;;;;;;;;;;;;;;;;
d_adrianopolis_adj_bedouin_arabic;Macedonian;;;;;;;;;;;;;;;;;;;;;;;;;;;;
d_adrianopolis_adj_sanhaja;Macedonian;;;;;;;;;;;;;;;;;;;;;;;;;;;;
d_adrianopolis_adj_tagelmust;Macedonian;;;;;;;;;;;;;;;;;;;;;;;;;;;;
d_adrianopolis_adj_tuareg;Macedonian;;;;;;;;;;;;;;;;;;;;;;;;;;;;
d_adrianopolis_adj_masmuda;Macedonian;;;;;;;;;;;;;;;;;;;;;;;;;;;;
d_adrianopolis_adj_zanata;Macedonian;;;;;;;;;;;;;;;;;;;;;;;;;;;;
e_byzantium;Byzantine Empire;;;;;;;;;;;;;;;;;;;;;;;;;;;;
e_byzantium_adj;Byzantine;;;;;;;;;;;;;;;;;;;;;;;;;;;;
k_byzantium;Thessalonica;;;;;;;;;;;;;;;;;;;;;;;;;;;;
k_byzantium_adj;Thessalonian;;;;;;;;;;;;;;;;;;;;;;;;;;;;
k_anatolia;Konya;;;;;;;;;;;;;;;;;;;;;;;;;;;;
k_anatolia_adj;Konya;;;;;;;;;;;;;;;;;;;;;;;;;;;;
k_anatolia_adj_oghuz;Rum;;;;;;;;;;;;;;;;;;;;;;;;;;;;
k_anatolia_adj_turkmen;Rum;;;;;;;;;;;;;;;;;;;;;;;;;;;;
k_anatolia_adj_turkish;Rum;;;;;;;;;;;;;;;;;;;;;;;;;;;;
k_anatolia_adj_frankish;Anatolian;;;;;;;;;;;;;;;;;;;;;;;;;;;;
k_anatolia_adj_norman;Anatolian;;;;;;;;;;;;;;;;;;;;;;;;;;;;
k_nikaea;Nicaea;;;;;;;;;;;;;;;;;;;;;;;;;;;;
k_nikaea_adj;Nicaean;;;;;;;;;;;;;;;;;;;;;;;;;;;;
k_epirus;Epirus;;;;;;;;;;;;;;;;;;;;;;;;;;;;
k_epirus_adj;Epirote;;;;;;;;;;;;;;;;;;;;;;;;;;;;
k_cilician;Cilicia;;;;;;;;;;;;;;;;;;;;;;;;;;;;
k_cilician_adj;Cilician;;;;;;;;;;;;;;;;;;;;;;;;;;;;
k_candia;Crete;;;;;;;;;;;;;;;;;;;;;;;;;;;;
k_candia_adj;Cretan;;;;;;;;;;;;;;;;;;;;;;;;;;;;
k_achaea_adj;Morean;;;;;;;;;;;;;;;;;;;;;;;;;;;;
k_achaea_adj_dalmatian;Achaean;;;;;;;;;;;;;;;;;;;;;;;;;;;;
k_achaea_adj_venetian;Achaean;;;;;;;;;;;;;;;;;;;;;;;;;;;;
k_achaea_adj_ligurian;Achaean;;;;;;;;;;;;;;;;;;;;;;;;;;;;
k_achaea_adj_central_italian;Achaean;;;;;;;;;;;;;;;;;;;;;;;;;;;;
k_achaea_adj_southern_italian;Achaean;;;;;;;;;;;;;;;;;;;;;;;;;;;;
k_achaea_adj_tuscan;Achaean;;;;;;;;;;;;;;;;;;;;;;;;;;;;
k_achaea_adj_neapolitan;Achaean;;;;;;;;;;;;;;;;;;;;;;;;;;;;
k_achaea_adj_corsican;Achaean;;;;;;;;;;;;;;;;;;;;;;;;;;;;
k_achaea_adj_sardinian;Achaean;;;;;;;;;;;;;;;;;;;;;;;;;;;;
k_achaea_adj_sicilian;Achaean;;;;;;;;;;;;;;;;;;;;;;;;;;;;
k_achaea_adj_italian;Achaean;;;;;;;;;;;;;;;;;;;;;;;;;;;;
k_achaea_adj_frankish;Achaean;;;;;;;;;;;;;;;;;;;;;;;;;;;;
k_achaea_adj_norman;Achaean;;;;;;;;;;;;;;;;;;;;;;;;;;;;
k_achaea;Morea;;;;;;;;;;;;;;;;;;;;;;;;;;;;
k_cyprus;Cyprus;;;;;;;;;;;;;;;;;;;;;;;;;;;;
k_cyprus_adj;Cypriot;;;;;;;;;;;;;;;;;;;;;;;;;;;;
k_trebizond;Trebizond;;;;;;;;;;;;;;;;;;;;;;;;;;;;
k_trebizond_adj;Trapezuntine;;;;;;;;;;;;;;;;;;;;;;;;;;;;
d_dyrrachion_adj;Durrës;;;;;;;;;;;;;;;;;;;;;;;;;;;;
d_dyrrachion;Durrës;;;;;;;;;;;;;;;;;;;;;;;;;;;;
d_epirus_adj;Nicopolitan;;;;;;;;;;;;;;;;;;;;;;;;;;;;
d_epirus_adj_oghuz;Janina;;;;;;;;;;;;;;;;;;;;;;;;;;;;
d_epirus_adj_turkmen;Janina;;;;;;;;;;;;;;;;;;;;;;;;;;;;
d_epirus_adj_turkish;Janina;;;;;;;;;;;;;;;;;;;;;;;;;;;;
d_epirus;Nicopolis;;;;;;;;;;;;;;;;;;;;;;;;;;;;
d_cephalonia_adj;Cephallenian;;;;;;;;;;;;;;;;;;;;;;;;;;;;
d_cephalonia_adj_oghuz;Heptanese;;;;;;;;;;;;;;;;;;;;;;;;;;;;
d_cephalonia_adj_turkmen;Heptanese;;;;;;;;;;;;;;;;;;;;;;;;;;;;
d_cephalonia_adj_turkish;Heptanese;;;;;;;;;;;;;;;;;;;;;;;;;;;;
d_cephalonia;Cephallenia;;;;;;;;;;;;;;;;;;;;;;;;;;;;
d_athens_adj;Hellas;;;;;;;;;;;;;;;;;;;;;;;;;;;;
d_athens_adj_oghuz;Athenian;;;;;;;;;;;;;;;;;;;;;;;;;;;;
d_athens_adj_turkmen;Athenian;;;;;;;;;;;;;;;;;;;;;;;;;;;;
d_athens_adj_turkish;Athenian;;;;;;;;;;;;;;;;;;;;;;;;;;;;
d_athens_adj_dalmatian;Athenian;;;;;;;;;;;;;;;;;;;;;;;;;;;;
d_athens_adj_venetian;Athenian;;;;;;;;;;;;;;;;;;;;;;;;;;;;
d_athens_adj_ligurian;Athenian;;;;;;;;;;;;;;;;;;;;;;;;;;;;
d_athens_adj_central_italian;Athenian;;;;;;;;;;;;;;;;;;;;;;;;;;;;
d_athens_adj_southern_italian;Athenian;;;;;;;;;;;;;;;;;;;;;;;;;;;;
d_athens_adj_tuscan;Athenian;;;;;;;;;;;;;;;;;;;;;;;;;;;;
d_athens_adj_neapolitan;Athenian;;;;;;;;;;;;;;;;;;;;;;;;;;;;
d_athens_adj_corsican;Athenian;;;;;;;;;;;;;;;;;;;;;;;;;;;;
d_athens_adj_sardinian;Athenian;;;;;;;;;;;;;;;;;;;;;;;;;;;;
d_athens_adj_sicilian;Athenian;;;;;;;;;;;;;;;;;;;;;;;;;;;;
d_athens_adj_italian;Athenian;;;;;;;;;;;;;;;;;;;;;;;;;;;;
d_athens_adj_frankish;Athenian;;;;;;;;;;;;;;;;;;;;;;;;;;;;
d_athens_adj_norman;Athenian;;;;;;;;;;;;;;;;;;;;;;;;;;;;
d_athens;Hellas;;;;;;;;;;;;;;;;;;;;;;;;;;;;
d_achaia_adj;Peloponnese;;;;;;;;;;;;;;;;;;;;;;;;;;;;
d_achaia_adj_oghuz;Morean;;;;;;;;;;;;;;;;;;;;;;;;;;;;
d_achaia_adj_turkmen;Morean;;;;;;;;;;;;;;;;;;;;;;;;;;;;
d_achaia_adj_turkish;Morean;;;;;;;;;;;;;;;;;;;;;;;;;;;;
d_achaia_adj_dalmatian;Achaean;;;;;;;;;;;;;;;;;;;;;;;;;;;;
d_achaia_adj_venetian;Achaean;;;;;;;;;;;;;;;;;;;;;;;;;;;;
d_achaia_adj_ligurian;Achaean;;;;;;;;;;;;;;;;;;;;;;;;;;;;
d_achaia_adj_central_italian;Achaean;;;;;;;;;;;;;;;;;;;;;;;;;;;;
d_achaia_adj_southern_italian;Achaean;;;;;;;;;;;;;;;;;;;;;;;;;;;;
d_achaia_adj_tuscan;Achaean;;;;;;;;;;;;;;;;;;;;;;;;;;;;
d_achaia_adj_neapolitan;Achaean;;;;;;;;;;;;;;;;;;;;;;;;;;;;
d_achaia_adj_corsican;Achaean;;;;;;;;;;;;;;;;;;;;;;;;;;;;
d_achaia_adj_sardinian;Achaean;;;;;;;;;;;;;;;;;;;;;;;;;;;;
d_achaia_adj_sicilian;Achaean;;;;;;;;;;;;;;;;;;;;;;;;;;;;
d_achaia_adj_italian;Achaean;;;;;;;;;;;;;;;;;;;;;;;;;;;;
d_achaia_adj_frankish;Achaean;;;;;;;;;;;;;;;;;;;;;;;;;;;;
d_achaia_adj_norman;Achaean;;;;;;;;;;;;;;;;;;;;;;;;;;;;
d_achaia;Peloponnese;;;;;;;;;;;;;;;;;;;;;;;;;;;;
d_neopatras_adj;Vlach;;;;;;;;;;;;;;;;;;;;;;;;;;;;
d_neopatras_adj_oghuz;Thessalian;;;;;;;;;;;;;;;;;;;;;;;;;;;;
d_neopatras_adj_turkmen;Thessalian;;;;;;;;;;;;;;;;;;;;;;;;;;;;
d_neopatras_adj_turkish;Thessalian;;;;;;;;;;;;;;;;;;;;;;;;;;;;
d_neopatras_adj_dalmatian;Neopatria;;;;;;;;;;;;;;;;;;;;;;;;;;;;
d_neopatras_adj_venetian;Neopatria;;;;;;;;;;;;;;;;;;;;;;;;;;;;
d_neopatras_adj_ligurian;Neopatria;;;;;;;;;;;;;;;;;;;;;;;;;;;;
d_neopatras_adj_central_italian;Neopatria;;;;;;;;;;;;;;;;;;;;;;;;;;;;
d_neopatras_adj_southern_italian;Neopatria;;;;;;;;;;;;;;;;;;;;;;;;;;;;
d_neopatras_adj_tuscan;Neopatria;;;;;;;;;;;;;;;;;;;;;;;;;;;;
d_neopatras_adj_neapolitan;Neopatria;;;;;;;;;;;;;;;;;;;;;;;;;;;;
d_neopatras_adj_corsican;Neopatria;;;;;;;;;;;;;;;;;;;;;;;;;;;;
d_neopatras_adj_sardinian;Neopatria;;;;;;;;;;;;;;;;;;;;;;;;;;;;
d_neopatras_adj_sicilian;Neopatria;;;;;;;;;;;;;;;;;;;;;;;;;;;;
d_neopatras_adj_italian;Neopatria;;;;;;;;;;;;;;;;;;;;;;;;;;;;
d_neopatras_adj_frankish;Neopatria;;;;;;;;;;;;;;;;;;;;;;;;;;;;
d_neopatras_adj_norman;Neopatria;;;;;;;;;;;;;;;;;;;;;;;;;;;;
d_neopatras;Great Vlachia;;;;;;;;;;;;;;;;;;;;;;;;;;;;
d_thessalonika_adj;Thessalonian;;;;;;;;;;;;;;;;;;;;;;;;;;;;
d_thessalonika;Thessalonica;;;;;;;;;;;;;;;;;;;;;;;;;;;;
d_strymon;Strymon;;;;;;;;;;;;;;;;;;;;;;;;;;;;
d_thrace_adj;Thracian;;;;;;;;;;;;;;;;;;;;;;;;;;;;
d_thrace;Thrace;;;;;;;;;;;;;;;;;;;;;;;;;;;;
d_samos_adj;Samian;;;;;;;;;;;;;;;;;;;;;;;;;;;;
d_samos_adj_oghuz;Izmir;;;;;;;;;;;;;;;;;;;;;;;;;;;;
d_samos_adj_turkmen;Izmir;;;;;;;;;;;;;;;;;;;;;;;;;;;;
d_samos_adj_turkish;Aydinid;;;;;;;;;;;;;;;;;;;;;;;;;;;;
d_samos;Samos;;;;;;;;;;;;;;;;;;;;;;;;;;;;
d_opsikon_adj;Opsician;;;;;;;;;;;;;;;;;;;;;;;;;;;;
d_opsikon_adj_oghuz;Hüdavendigâr;;;;;;;;;;;;;;;;;;;;;;;;;;;;
d_opsikon_adj_turkmen;Hüdavendigâr;;;;;;;;;;;;;;;;;;;;;;;;;;;;
d_opsikon_adj_turkish;Hüdavendigâr;;;;;;;;;;;;;;;;;;;;;;;;;;;;
d_opsikon_adj_maghreb_arabic;Nicaean;;;;;;;;;;;;;;;;;;;;;;;;;;;;
d_opsikon_adj_bedouin_arabic;Nicaean;;;;;;;;;;;;;;;;;;;;;;;;;;;;
d_opsikon_adj_levantine_arabic;Nicaean;;;;;;;;;;;;;;;;;;;;;;;;;;;;
d_opsikon_adj_egyptian_arabic;Nicaean;;;;;;;;;;;;;;;;;;;;;;;;;;;;
d_opsikon_adj_andalusian_arabic;Nicaean;;;;;;;;;;;;;;;;;;;;;;;;;;;;
d_opsikon_adj_dalmatian;Nicaean;;;;;;;;;;;;;;;;;;;;;;;;;;;;
d_opsikon_adj_venetian;Nicaean;;;;;;;;;;;;;;;;;;;;;;;;;;;;
d_opsikon_adj_ligurian;Nicaean;;;;;;;;;;;;;;;;;;;;;;;;;;;;
d_opsikon_adj_central_italian;Nicaean;;;;;;;;;;;;;;;;;;;;;;;;;;;;
d_opsikon_adj_southern_italian;Nicaean;;;;;;;;;;;;;;;;;;;;;;;;;;;;
d_opsikon_adj_tuscan;Nicaean;;;;;;;;;;;;;;;;;;;;;;;;;;;;
d_opsikon_adj_neapolitan;Nicaean;;;;;;;;;;;;;;;;;;;;;;;;;;;;
d_opsikon_adj_corsican;Nicaean;;;;;;;;;;;;;;;;;;;;;;;;;;;;
d_opsikon_adj_sardinian;Nicaean;;;;;;;;;;;;;;;;;;;;;;;;;;;;
d_opsikon_adj_sicilian;Nicaean;;;;;;;;;;;;;;;;;;;;;;;;;;;;
d_opsikon_adj_italian;Nicaean;;;;;;;;;;;;;;;;;;;;;;;;;;;;
d_opsikon_adj_frankish;Nicaean;;;;;;;;;;;;;;;;;;;;;;;;;;;;
d_opsikon_adj_norman;Nicaean;;;;;;;;;;;;;;;;;;;;;;;;;;;;
d_opsikon;Opsikion;;;;;;;;;;;;;;;;;;;;;;;;;;;;
d_optimatoi_adj_oghuz;Kocaeli;;;;;;;;;;;;;;;;;;;;;;;;;;;;
d_optimatoi_adj_turkmen;Kocaeli;;;;;;;;;;;;;;;;;;;;;;;;;;;;
d_optimatoi_adj_turkish;Kocaeli;;;;;;;;;;;;;;;;;;;;;;;;;;;;
d_optimatoi_adj_maghreb_arabic;Nicomedian;;;;;;;;;;;;;;;;;;;;;;;;;;;;
d_optimatoi_adj_bedouin_arabic;Nicomedian;;;;;;;;;;;;;;;;;;;;;;;;;;;;
d_optimatoi_adj_levantine_arabic;Nicomedian;;;;;;;;;;;;;;;;;;;;;;;;;;;;
d_optimatoi_adj_egyptian_arabic;Nicomedian;;;;;;;;;;;;;;;;;;;;;;;;;;;;
d_optimatoi_adj_andalusian_arabic;Nicomedian;;;;;;;;;;;;;;;;;;;;;;;;;;;;
d_optimatoi_adj_dalmatian;Nicomedian;;;;;;;;;;;;;;;;;;;;;;;;;;;;
d_optimatoi_adj_venetian;Nicomedian;;;;;;;;;;;;;;;;;;;;;;;;;;;;
d_optimatoi_adj_ligurian;Nicomedian;;;;;;;;;;;;;;;;;;;;;;;;;;;;
d_optimatoi_adj_central_italian;Nicomedian;;;;;;;;;;;;;;;;;;;;;;;;;;;;
d_optimatoi_adj_southern_italian;Nicomedian;;;;;;;;;;;;;;;;;;;;;;;;;;;;
d_optimatoi_adj_tuscan;Nicomedian;;;;;;;;;;;;;;;;;;;;;;;;;;;;
d_optimatoi_adj_neapolitan;Nicomedian;;;;;;;;;;;;;;;;;;;;;;;;;;;;
d_optimatoi_adj_corsican;Nicomedian;;;;;;;;;;;;;;;;;;;;;;;;;;;;
d_optimatoi_adj_sardinian;Nicomedian;;;;;;;;;;;;;;;;;;;;;;;;;;;;
d_optimatoi_adj_sicilian;Nicomedian;;;;;;;;;;;;;;;;;;;;;;;;;;;;
d_optimatoi_adj_italian;Nicomedian;;;;;;;;;;;;;;;;;;;;;;;;;;;;
d_optimatoi_adj_frankish;Nicomedian;;;;;;;;;;;;;;;;;;;;;;;;;;;;
d_optimatoi_adj_norman;Nicomedian;;;;;;;;;;;;;;;;;;;;;;;;;;;;
d_optimatoi;Optimatoi;;;;;;;;;;;;;;;;;;;;;;;;;;;;
d_paphlagonia_adj;Paphlagonian;;;;;;;;;;;;;;;;;;;;;;;;;;;;
d_paphlagonia_adj_oghuz;Kastamonu;;;;;;;;;;;;;;;;;;;;;;;;;;;;
d_paphlagonia_adj_turkmen;Kastamonu;;;;;;;;;;;;;;;;;;;;;;;;;;;;
d_paphlagonia_adj_turkish;Kastamonu;;;;;;;;;;;;;;;;;;;;;;;;;;;;
d_paphlagonia;Paphlagonia;;;;;;;;;;;;;;;;;;;;;;;;;;;;
d_boukellarion_adj;Bucellarian;;;;;;;;;;;;;;;;;;;;;;;;;;;;
d_boukellarion_adj_oghuz;Ankaran;;;;;;;;;;;;;;;;;;;;;;;;;;;;
d_boukellarion_adj_turkmen;Ankaran;;;;;;;;;;;;;;;;;;;;;;;;;;;;
d_boukellarion_adj_turkish;Ankaran;;;;;;;;;;;;;;;;;;;;;;;;;;;;
d_boukellarion;Bucellarians;;;;;;;;;;;;;;;;;;;;;;;;;;;;
d_anatolia_adj;Anatolic;;;;;;;;;;;;;;;;;;;;;;;;;;;;
d_anatolia_adj_oghuz;Rum;;;;;;;;;;;;;;;;;;;;;;;;;;;;
d_anatolia_adj_turkmen;Rum;;;;;;;;;;;;;;;;;;;;;;;;;;;;
d_anatolia_adj_turkish;Rum;;;;;;;;;;;;;;;;;;;;;;;;;;;;
d_anatolia;Anatolics;;;;;;;;;;;;;;;;;;;;;;;;;;;;
d_cibyrrhaeot_adj;Cibyrrhaeot;;;;;;;;;;;;;;;;;;;;;;;;;;;;
d_cibyrrhaeot_adj_oghuz;Mentese;;;;;;;;;;;;;;;;;;;;;;;;;;;;
d_cibyrrhaeot_adj_turkmen;Mentese;;;;;;;;;;;;;;;;;;;;;;;;;;;;
d_cibyrrhaeot_adj_turkish;Mentese;;;;;;;;;;;;;;;;;;;;;;;;;;;;
d_cibyrrhaeot;Cibyrrhaeots;;;;;;;;;;;;;;;;;;;;;;;;;;;;
d_cappadocia_adj;Cappadocian;;;;;;;;;;;;;;;;;;;;;;;;;;;;
d_cappadocia_adj_oghuz;Nigde;;;;;;;;;;;;;;;;;;;;;;;;;;;;
d_cappadocia_adj_turkmen;Nigde;;;;;;;;;;;;;;;;;;;;;;;;;;;;
d_cappadocia_adj_turkish;Nigde;;;;;;;;;;;;;;;;;;;;;;;;;;;;
d_cappadocia;Cappadocia;;;;;;;;;;;;;;;;;;;;;;;;;;;;
d_charsianon_adj;Charsianon;;;;;;;;;;;;;;;;;;;;;;;;;;;;
d_charsianon_adj_oghuz;Kayserian;;;;;;;;;;;;;;;;;;;;;;;;;;;;
d_charsianon_adj_turkmen;Kayserian;;;;;;;;;;;;;;;;;;;;;;;;;;;;
d_charsianon_adj_turkish;Kayserian;;;;;;;;;;;;;;;;;;;;;;;;;;;;
d_charsianon_adj_frankish;Kayserian;;;;;;;;;;;;;;;;;;;;;;;;;;;;
d_charsianon_adj_norman;Kayserian;;;;;;;;;;;;;;;;;;;;;;;;;;;;
d_charsianon_adj_armenian;Kayserian;;;;;;;;;;;;;;;;;;;;;;;;;;;;
d_charsianon;Charsianon;;;;;;;;;;;;;;;;;;;;;;;;;;;;
d_cyprus_adj;Cypriot;;;;;;;;;;;;;;;;;;;;;;;;;;;;
d_cyprus;Cyprus;;;;;;;;;;;;;;;;;;;;;;;;;;;;
d_thracesia_adj;Thracesian;;;;;;;;;;;;;;;;;;;;;;;;;;;;
d_thracesia_adj_oghuz;Alasehir;;;;;;;;;;;;;;;;;;;;;;;;;;;;
d_thracesia_adj_turkmen;Alasehir;;;;;;;;;;;;;;;;;;;;;;;;;;;;
d_thracesia_adj_turkish;Alasehir;;;;;;;;;;;;;;;;;;;;;;;;;;;;
d_thracesia;Thracesians;;;;;;;;;;;;;;;;;;;;;;;;;;;;
d_krete_adj;Cretan;;;;;;;;;;;;;;;;;;;;;;;;;;;;
d_krete;Crete;;;;;;;;;;;;;;;;;;;;;;;;;;;;
d_aegean_islands_adj;Aegean;;;;;;;;;;;;;;;;;;;;;;;;;;;;
d_aegean_islands_adj_dalmatian;Archipelago;;;;;;;;;;;;;;;;;;;;;;;;;;;;
d_aegean_islands_adj_venetian;Archipelago;;;;;;;;;;;;;;;;;;;;;;;;;;;;
d_aegean_islands_adj_ligurian;Archipelago;;;;;;;;;;;;;;;;;;;;;;;;;;;;
d_aegean_islands_adj_central_italian;Archipelago;;;;;;;;;;;;;;;;;;;;;;;;;;;;
d_aegean_islands_adj_southern_italian;Archipelago;;;;;;;;;;;;;;;;;;;;;;;;;;;;
d_aegean_islands_adj_tuscan;Archipelago;;;;;;;;;;;;;;;;;;;;;;;;;;;;
d_aegean_islands_adj_neapolitan;Archipelago;;;;;;;;;;;;;;;;;;;;;;;;;;;;
d_aegean_islands_adj_corsican;Archipelago;;;;;;;;;;;;;;;;;;;;;;;;;;;;
d_aegean_islands_adj_sardinian;Archipelago;;;;;;;;;;;;;;;;;;;;;;;;;;;;
d_aegean_islands_adj_sicilian;Archipelago;;;;;;;;;;;;;;;;;;;;;;;;;;;;
d_aegean_islands_adj_italian;Archipelago;;;;;;;;;;;;;;;;;;;;;;;;;;;;
d_aegean_islands;Aegean Sea;;;;;;;;;;;;;;;;;;;;;;;;;;;;
d_armeniacon_adj;Armeniac;;;;;;;;;;;;;;;;;;;;;;;;;;;;
d_armeniacon_adj_oghuz;Amasya;;;;;;;;;;;;;;;;;;;;;;;;;;;;
d_armeniacon_adj_turkmen;Amasya;;;;;;;;;;;;;;;;;;;;;;;;;;;;
d_armeniacon_adj_turkish;Amasya;;;;;;;;;;;;;;;;;;;;;;;;;;;;
d_armeniacon_adj_frankish;Amasya;;;;;;;;;;;;;;;;;;;;;;;;;;;;
d_armeniacon_adj_norman;Amasya;;;;;;;;;;;;;;;;;;;;;;;;;;;;
d_armeniacon;Armeniacs;;;;;;;;;;;;;;;;;;;;;;;;;;;;
d_trebizond_adj;Chaldia;;;;;;;;;;;;;;;;;;;;;;;;;;;;
d_trebizond_adj_oghuz;Trabzon;;;;;;;;;;;;;;;;;;;;;;;;;;;;
d_trebizond_adj_turkmen;Trabzon;;;;;;;;;;;;;;;;;;;;;;;;;;;;
d_trebizond_adj_turkish;Trabzon;;;;;;;;;;;;;;;;;;;;;;;;;;;;
d_trebizond_adj_armenian;Trabzon;;;;;;;;;;;;;;;;;;;;;;;;;;;;
d_trebizond_adj_georgian;Trabzon;;;;;;;;;;;;;;;;;;;;;;;;;;;;
d_trebizond;Chaldia;;;;;;;;;;;;;;;;;;;;;;;;;;;;
d_cherson;Cherson;;;;;;;;;;;;;;;;;;;;;;;;;;;;
d_cherson_adj;Chersonese;;;;;;;;;;;;;;;;;;;;;;;;;;;;
d_cherson_adj_khazar;Sudak;;;;;;;;;;;;;;;;;;;;;;;;;;;;
d_cherson_adj_pecheneg;Sudak;;;;;;;;;;;;;;;;;;;;;;;;;;;;
d_cherson_adj_oghuz;Sudak;;;;;;;;;;;;;;;;;;;;;;;;;;;;
d_cherson_adj_turkmen;Sudak;;;;;;;;;;;;;;;;;;;;;;;;;;;;
d_cherson_adj_kasogi;Sudak;;;;;;;;;;;;;;;;;;;;;;;;;;;;
d_cherson_adj_avar;Sudak;;;;;;;;;;;;;;;;;;;;;;;;;;;;
d_cherson_adj_bashkir;Sudak;;;;;;;;;;;;;;;;;;;;;;;;;;;;
d_cherson_adj_karluk;Sudak;;;;;;;;;;;;;;;;;;;;;;;;;;;;
d_cherson_adj_mongol;Feodosia;;;;;;;;;;;;;;;;;;;;;;;;;;;;
d_cherson_adj_cuman;Feodosia;;;;;;;;;;;;;;;;;;;;;;;;;;;;
d_cherson_adj_kirghiz;Feodosia;;;;;;;;;;;;;;;;;;;;;;;;;;;;
d_cherson_adj_uighur;Feodosia;;;;;;;;;;;;;;;;;;;;;;;;;;;;
d_cherson_adj_turkish;Feodosia;;;;;;;;;;;;;;;;;;;;;;;;;;;;
d_cherson_adj_bolghar;Sudak;;;;;;;;;;;;;;;;;;;;;;;;;;;;
d_cherson_adj_dalmatian;Theodoro;;;;;;;;;;;;;;;;;;;;;;;;;;;;
d_cherson_adj_italian;Theodoro;;;;;;;;;;;;;;;;;;;;;;;;;;;;
d_cherson_adj_venetian;Theodoro;;;;;;;;;;;;;;;;;;;;;;;;;;;;
d_cherson_adj_ligurian;Theodoro;;;;;;;;;;;;;;;;;;;;;;;;;;;;
d_cherson_adj_central_italian;Theodoro;;;;;;;;;;;;;;;;;;;;;;;;;;;;
d_cherson_adj_southern_italian;Theodoro;;;;;;;;;;;;;;;;;;;;;;;;;;;;
d_cherson_adj_tuscan;Theodoro;;;;;;;;;;;;;;;;;;;;;;;;;;;;
d_cherson_adj_neapolitan;Theodoro;;;;;;;;;;;;;;;;;;;;;;;;;;;;
d_cherson_adj_corsican;Theodoro;;;;;;;;;;;;;;;;;;;;;;;;;;;;
d_cherson_adj_sardinian;Theodoro;;;;;;;;;;;;;;;;;;;;;;;;;;;;
d_cherson_adj_sicilian;Theodoro;;;;;;;;;;;;;;;;;;;;;;;;;;;;
d_cherson_adj_east_gothic;Theodoro;;;;;;;;;;;;;;;;;;;;;;;;;;;;
d_sebasteia_adj_norman;Sivas;;;;;;;;;;;;;;;;;;;;;;;;;;;;
d_sebasteia;Sebasteia;;;;;;;;;;;;;;;;;;;;;;;;;;;;
d_coloneia_adj;Koloneian;;;;;;;;;;;;;;;;;;;;;;;;;;;;
d_coloneia_adj_oghuz;Divrigi;;;;;;;;;;;;;;;;;;;;;;;;;;;;
d_coloneia_adj_turkmen;Divrigi;;;;;;;;;;;;;;;;;;;;;;;;;;;;
d_coloneia_adj_turkish;Divrigi;;;;;;;;;;;;;;;;;;;;;;;;;;;;
d_coloneia;Koloneia;;;;;;;;;;;;;;;;;;;;;;;;;;;;
d_lykandos;Lykandos;;;;;;;;;;;;;;;;;;;;;;;;;;;;
d_seleukeia_adj;Cilician;;;;;;;;;;;;;;;;;;;;;;;;;;;;
d_seleukeia_adj_oghuz;Silifke;;;;;;;;;;;;;;;;;;;;;;;;;;;;
d_seleukeia_adj_turkmen;Silifke;;;;;;;;;;;;;;;;;;;;;;;;;;;;
d_seleukeia_adj_turkish;Karamanid;;;;;;;;;;;;;;;;;;;;;;;;;;;;
d_seleukeia_adj_armenian;Silifke;;;;;;;;;;;;;;;;;;;;;;;;;;;;
d_seleukeia;Cilicia Trachea;;;;;;;;;;;;;;;;;;;;;;;;;;;;
d_armenia_minor_adj;Cilician;;;;;;;;;;;;;;;;;;;;;;;;;;;;
d_armenia_minor_adj_oghuz;Adana;;;;;;;;;;;;;;;;;;;;;;;;;;;;
d_armenia_minor_adj_turkmen;Adana;;;;;;;;;;;;;;;;;;;;;;;;;;;;
d_armenia_minor_adj_turkish;Adana;;;;;;;;;;;;;;;;;;;;;;;;;;;;
d_armenia_minor;Cilicia Pedias;;;;;;;;;;;;;;;;;;;;;;;;;;;;
k_khazaria;Khazaria;;;;;;;;;;;;;;;;;;;;;;;;;;;;
k_khazaria_adj;Khazar;;;;;;;;;;;;;;;;;;;;;;;;;;;;
d_tmutarakan;Tmutarakan;;;;;;;;;;;;;;;;;;;;;;;;;;;;
d_azov;Azov;;;;;;;;;;;;;;;;;;;;;;;;;;;;
d_azov_adj;Azovian;;;;;;;;;;;;;;;;;;;;;;;;;;;;
d_azov_adj_dalmatian;Tana;;;;;;;;;;;;;;;;;;;;;;;;;;;;
d_azov_adj_italian;Tana;;;;;;;;;;;;;;;;;;;;;;;;;;;;
d_azov_adj_venetian;Tana;;;;;;;;;;;;;;;;;;;;;;;;;;;;
d_azov_adj_ligurian;Tana;;;;;;;;;;;;;;;;;;;;;;;;;;;;
d_azov_adj_central_italian;Tana;;;;;;;;;;;;;;;;;;;;;;;;;;;;
d_azov_adj_southern_italian;Tana;;;;;;;;;;;;;;;;;;;;;;;;;;;;
d_azov_adj_tuscan;Tana;;;;;;;;;;;;;;;;;;;;;;;;;;;;
d_azov_adj_neapolitan;Tana;;;;;;;;;;;;;;;;;;;;;;;;;;;;
d_azov_adj_corsican;Tana;;;;;;;;;;;;;;;;;;;;;;;;;;;;
d_azov_adj_sardinian;Tana;;;;;;;;;;;;;;;;;;;;;;;;;;;;
d_azov_adj_sicilian;Tana;;;;;;;;;;;;;;;;;;;;;;;;;;;;
d_azov_adj_khazar;Buzan;;;;;;;;;;;;;;;;;;;;;;;;;;;;
d_azov_adj_pecheneg;Jazy;;;;;;;;;;;;;;;;;;;;;;;;;;;;
d_azov_adj_bolghar;Buzan;;;;;;;;;;;;;;;;;;;;;;;;;;;;
d_itil;Atil;;;;;;;;;;;;;;;;;;;;;;;;;;;;
d_itil_adj;Atil;;;;;;;;;;;;;;;;;;;;;;;;;;;;
d_itil_adj_polish;Volga;;;;;;;;;;;;;;;;;;;;;;;;;;;;
d_itil_adj_pommeranian;Volga;;;;;;;;;;;;;;;;;;;;;;;;;;;;
d_itil_adj_bohemian;Volga;;;;;;;;;;;;;;;;;;;;;;;;;;;;
d_itil_adj_moravian;Volga;;;;;;;;;;;;;;;;;;;;;;;;;;;;
d_itil_adj_russian;Volga;;;;;;;;;;;;;;;;;;;;;;;;;;;;
d_itil_adj_serbian;Volga;;;;;;;;;;;;;;;;;;;;;;;;;;;;
d_itil_adj_croatian;Volga;;;;;;;;;;;;;;;;;;;;;;;;;;;;
d_itil_adj_bulgarian;Volga;;;;;;;;;;;;;;;;;;;;;;;;;;;;
d_itil_adj_karantanci;Volga;;;;;;;;;;;;;;;;;;;;;;;;;;;;
d_itil_adj_bosnian;Volga;;;;;;;;;;;;;;;;;;;;;;;;;;;;
d_itil_adj_khitan;Volga;;;;;;;;;;;;;;;;;;;;;;;;;;;;
d_saray;Sarai;;;;;;;;;;;;;;;;;;;;;;;;;;;;
k_alania;Alania;;;;;;;;;;;;;;;;;;;;;;;;;;;;
k_alania_adj;Alanian;;;;;;;;;;;;;;;;;;;;;;;;;;;;
d_alania;Alania;;;;;;;;;;;;;;;;;;;;;;;;;;;;
d_alania_adj;Alanian;;;;;;;;;;;;;;;;;;;;;;;;;;;;
d_sarir;Sarir;;;;;;;;;;;;;;;;;;;;;;;;;;;;
d_zichia;Circassia;;;;;;;;;;;;;;;;;;;;;;;;;;;;
d_zichia_adj;Circassian;;;;;;;;;;;;;;;;;;;;;;;;;;;;
d_zichia_adj_armenian;Sadz;;;;;;;;;;;;;;;;;;;;;;;;;;;;
d_zichia_adj_georgian;Sadz;;;;;;;;;;;;;;;;;;;;;;;;;;;;
k_taurica;Crimea;;;;;;;;;;;;;;;;;;;;;;;;;;;;
k_taurica_adj;Crimean;;;;;;;;;;;;;;;;;;;;;;;;;;;;
k_taurica_adj_sicilian_greek;Scythian;;;;;;;;;;;;;;;;;;;;;;;;;;;;
k_taurica_adj_arberian;Scythian;;;;;;;;;;;;;;;;;;;;;;;;;;;;
k_taurica_adj_armenian;Scythian;;;;;;;;;;;;;;;;;;;;;;;;;;;;
k_taurica_adj_georgian;Scythian;;;;;;;;;;;;;;;;;;;;;;;;;;;;
k_taurica_adj_greek;Scythian;;;;;;;;;;;;;;;;;;;;;;;;;;;;
k_taurica_adj_east_gothic;Oium;;;;;;;;;;;;;;;;;;;;;;;;;;;;
k_taurica_adj_serbian;Wild Fields;;;;;;;;;;;;;;;;;;;;;;;;;;;;
k_taurica_adj_croatian;Wild Fields;;;;;;;;;;;;;;;;;;;;;;;;;;;;
k_taurica_adj_bulgarian;Wild Fields;;;;;;;;;;;;;;;;;;;;;;;;;;;;
k_taurica_adj_karantanci;Wild Fields;;;;;;;;;;;;;;;;;;;;;;;;;;;;
k_taurica_adj_bosnian;Wild Fields;;;;;;;;;;;;;;;;;;;;;;;;;;;;
k_taurica_adj_polish;Wild Fields;;;;;;;;;;;;;;;;;;;;;;;;;;;;
k_taurica_adj_pommeranian;Wild Fields;;;;;;;;;;;;;;;;;;;;;;;;;;;;
k_taurica_adj_bohemian;Wild Fields;;;;;;;;;;;;;;;;;;;;;;;;;;;;
k_taurica_adj_moravian;Wild Fields;;;;;;;;;;;;;;;;;;;;;;;;;;;;
k_taurica_adj_lithuanian;Wild Fields;;;;;;;;;;;;;;;;;;;;;;;;;;;;
k_taurica_adj_russian;Wild Fields;;;;;;;;;;;;;;;;;;;;;;;;;;;;
d_crimea;Crimea;;;;;;;;;;;;;;;;;;;;;;;;;;;;
d_crimea_adj;Crimean;;;;;;;;;;;;;;;;;;;;;;;;;;;;
d_sarkel;Donets;;;;;;;;;;;;;;;;;;;;;;;;;;;;
d_sarkel_adj;Donets;;;;;;;;;;;;;;;;;;;;;;;;;;;;
d_sarkel_adj_dalmatian;Levedia;;;;;;;;;;;;;;;;;;;;;;;;;;;;
d_sarkel_adj_italian;Levedia;;;;;;;;;;;;;;;;;;;;;;;;;;;;
d_sarkel_adj_venetian;Levedia;;;;;;;;;;;;;;;;;;;;;;;;;;;;
d_sarkel_adj_ligurian;Levedia;;;;;;;;;;;;;;;;;;;;;;;;;;;;
d_sarkel_adj_central_italian;Levedia;;;;;;;;;;;;;;;;;;;;;;;;;;;;
d_sarkel_adj_southern_italian;Levedia;;;;;;;;;;;;;;;;;;;;;;;;;;;;
d_sarkel_adj_tuscan;Levedia;;;;;;;;;;;;;;;;;;;;;;;;;;;;
d_sarkel_adj_neapolitan;Levedia;;;;;;;;;;;;;;;;;;;;;;;;;;;;
d_sarkel_adj_corsican;Levedia;;;;;;;;;;;;;;;;;;;;;;;;;;;;
d_sarkel_adj_sardinian;Levedia;;;;;;;;;;;;;;;;;;;;;;;;;;;;
d_sarkel_adj_sicilian;Levedia;;;;;;;;;;;;;;;;;;;;;;;;;;;;
d_sarkel_adj_english;Levedia;;;;;;;;;;;;;;;;;;;;;;;;;;;;
d_sarkel_adj_frankish;Levedia;;;;;;;;;;;;;;;;;;;;;;;;;;;;
d_sarkel_adj_occitan;Levedia;;;;;;;;;;;;;;;;;;;;;;;;;;;;
d_sarkel_adj_arpitan;Levedia;;;;;;;;;;;;;;;;;;;;;;;;;;;;
d_sarkel_adj_norman;Levedia;;;;;;;;;;;;;;;;;;;;;;;;;;;;
d_sarkel_adj_thuringian;Levedia;;;;;;;;;;;;;;;;;;;;;;;;;;;;
d_sarkel_adj_swabian;Levedia;;;;;;;;;;;;;;;;;;;;;;;;;;;;
d_sarkel_adj_bavarian;Levedia;;;;;;;;;;;;;;;;;;;;;;;;;;;;
d_sarkel_adj_low_saxon;Levedia;;;;;;;;;;;;;;;;;;;;;;;;;;;;
d_sarkel_adj_franconian;Levedia;;;;;;;;;;;;;;;;;;;;;;;;;;;;
d_sarkel_adj_low_german;Levedia;;;;;;;;;;;;;;;;;;;;;;;;;;;;
d_sarkel_adj_low_frankish;Levedia;;;;;;;;;;;;;;;;;;;;;;;;;;;;
d_sarkel_adj_dutch;Levedia;;;;;;;;;;;;;;;;;;;;;;;;;;;;
d_sarkel_adj_german;Levedia;;;;;;;;;;;;;;;;;;;;;;;;;;;;
d_sarkel_adj_danish;Levedia;;;;;;;;;;;;;;;;;;;;;;;;;;;;
d_sarkel_adj_swedish;Levedia;;;;;;;;;;;;;;;;;;;;;;;;;;;;
d_sarkel_adj_norwegian;Levedia;;;;;;;;;;;;;;;;;;;;;;;;;;;;
d_sarkel_adj_gothic;Levedia;;;;;;;;;;;;;;;;;;;;;;;;;;;;
d_sarkel_adj_leonese;Levedia;;;;;;;;;;;;;;;;;;;;;;;;;;;;
d_sarkel_adj_castillan;Levedia;;;;;;;;;;;;;;;;;;;;;;;;;;;;
d_sarkel_adj_aragonese;Levedia;;;;;;;;;;;;;;;;;;;;;;;;;;;;
d_sarkel_adj_basque;Levedia;;;;;;;;;;;;;;;;;;;;;;;;;;;;
d_sarkel_adj_hungarian;Levedia;;;;;;;;;;;;;;;;;;;;;;;;;;;;
d_sarkel_adj_romanian;Levedia;;;;;;;;;;;;;;;;;;;;;;;;;;;;
d_sarkel_adj_sicilian_greek;Levedia;;;;;;;;;;;;;;;;;;;;;;;;;;;;
d_sarkel_adj_arberian;Levedia;;;;;;;;;;;;;;;;;;;;;;;;;;;;
d_sarkel_adj_armenian;Levedia;;;;;;;;;;;;;;;;;;;;;;;;;;;;
d_sarkel_adj_georgian;Levedia;;;;;;;;;;;;;;;;;;;;;;;;;;;;
d_sarkel_adj_greek;Levedia;;;;;;;;;;;;;;;;;;;;;;;;;;;;
d_sarkel_adj_east_gothic;Levedia;;;;;;;;;;;;;;;;;;;;;;;;;;;;
d_sarkel_adj_alan;Levedia;;;;;;;;;;;;;;;;;;;;;;;;;;;;
d_sarkel_adj_bashkir;Levedia;;;;;;;;;;;;;;;;;;;;;;;;;;;;
d_sarkel_adj_szekely;Levedia;;;;;;;;;;;;;;;;;;;;;;;;;;;;
d_zaporizhia;Dnieper;;;;;;;;;;;;;;;;;;;;;;;;;;;;
d_zaporizhia_adj_russian;Zaporizhian;;;;;;;;;;;;;;;;;;;;;;;;;;;;
d_zaporizhia_adj_polish;Zaporizhian;;;;;;;;;;;;;;;;;;;;;;;;;;;;
d_zaporizhia_adj_lithuanian;Zaporizhian;;;;;;;;;;;;;;;;;;;;;;;;;;;;
d_zaporizhia_adj_romanian;Zaporizhian;;;;;;;;;;;;;;;;;;;;;;;;;;;;
d_podolia;Yedisan;;;;;;;;;;;;;;;;;;;;;;;;;;;;
d_podolia_adj_lithuanian;Podolian;;;;;;;;;;;;;;;;;;;;;;;;;;;;
d_podolia_adj_polish;Podolian;;;;;;;;;;;;;;;;;;;;;;;;;;;;
d_podolia_adj_pommeranian;Podolian;;;;;;;;;;;;;;;;;;;;;;;;;;;;
d_podolia_adj_bohemian;Podolian;;;;;;;;;;;;;;;;;;;;;;;;;;;;
d_podolia_adj_moravian;Podolian;;;;;;;;;;;;;;;;;;;;;;;;;;;;
d_podolia_adj_russian;Podolian;;;;;;;;;;;;;;;;;;;;;;;;;;;;
d_podolia_adj_serbian;Podolian;;;;;;;;;;;;;;;;;;;;;;;;;;;;
d_podolia_adj_croatian;Podolian;;;;;;;;;;;;;;;;;;;;;;;;;;;;
d_podolia_adj_bulgarian;Podolian;;;;;;;;;;;;;;;;;;;;;;;;;;;;
d_podolia_adj_karantanci;Podolian;;;;;;;;;;;;;;;;;;;;;;;;;;;;
d_podolia_adj_bosnian;Podolian;;;;;;;;;;;;;;;;;;;;;;;;;;;;
d_podolia_adj_dalmatian;Podolian;;;;;;;;;;;;;;;;;;;;;;;;;;;;
d_podolia_adj_italian;Podolian;;;;;;;;;;;;;;;;;;;;;;;;;;;;
d_podolia_adj_venetian;Podolian;;;;;;;;;;;;;;;;;;;;;;;;;;;;
d_podolia_adj_ligurian;Podolian;;;;;;;;;;;;;;;;;;;;;;;;;;;;
d_podolia_adj_central_italian;Podolian;;;;;;;;;;;;;;;;;;;;;;;;;;;;
d_podolia_adj_southern_italian;Podolian;;;;;;;;;;;;;;;;;;;;;;;;;;;;
d_podolia_adj_tuscan;Podolian;;;;;;;;;;;;;;;;;;;;;;;;;;;;
d_podolia_adj_neapolitan;Podolian;;;;;;;;;;;;;;;;;;;;;;;;;;;;
d_podolia_adj_corsican;Podolian;;;;;;;;;;;;;;;;;;;;;;;;;;;;
d_podolia_adj_sardinian;Podolian;;;;;;;;;;;;;;;;;;;;;;;;;;;;
d_podolia_adj_sicilian;Podolian;;;;;;;;;;;;;;;;;;;;;;;;;;;;
d_podolia_adj_english;Podolian;;;;;;;;;;;;;;;;;;;;;;;;;;;;
d_podolia_adj_frankish;Podolian;;;;;;;;;;;;;;;;;;;;;;;;;;;;
d_podolia_adj_occitan;Podolian;;;;;;;;;;;;;;;;;;;;;;;;;;;;
d_podolia_adj_arpitan;Podolian;;;;;;;;;;;;;;;;;;;;;;;;;;;;
d_podolia_adj_norman;Podolian;;;;;;;;;;;;;;;;;;;;;;;;;;;;
d_podolia_adj_thuringian;Podolian;;;;;;;;;;;;;;;;;;;;;;;;;;;;
d_podolia_adj_swabian;Podolian;;;;;;;;;;;;;;;;;;;;;;;;;;;;
d_podolia_adj_bavarian;Podolian;;;;;;;;;;;;;;;;;;;;;;;;;;;;
d_podolia_adj_low_saxon;Podolian;;;;;;;;;;;;;;;;;;;;;;;;;;;;
d_podolia_adj_franconian;Podolian;;;;;;;;;;;;;;;;;;;;;;;;;;;;
d_podolia_adj_low_german;Podolian;;;;;;;;;;;;;;;;;;;;;;;;;;;;
d_podolia_adj_low_frankish;Podolian;;;;;;;;;;;;;;;;;;;;;;;;;;;;
d_podolia_adj_dutch;Podolian;;;;;;;;;;;;;;;;;;;;;;;;;;;;
d_podolia_adj_german;Podolian;;;;;;;;;;;;;;;;;;;;;;;;;;;;
d_podolia_adj_danish;Podolian;;;;;;;;;;;;;;;;;;;;;;;;;;;;
d_podolia_adj_swedish;Podolian;;;;;;;;;;;;;;;;;;;;;;;;;;;;
d_podolia_adj_norwegian;Podolian;;;;;;;;;;;;;;;;;;;;;;;;;;;;
d_podolia_adj_gothic;Podolian;;;;;;;;;;;;;;;;;;;;;;;;;;;;
d_podolia_adj_leonese;Podolian;;;;;;;;;;;;;;;;;;;;;;;;;;;;
d_podolia_adj_castillan;Podolian;;;;;;;;;;;;;;;;;;;;;;;;;;;;
d_podolia_adj_aragonese;Podolian;;;;;;;;;;;;;;;;;;;;;;;;;;;;
d_podolia_adj_basque;Podolian;;;;;;;;;;;;;;;;;;;;;;;;;;;;
d_podolia_adj_hungarian;Podolian;;;;;;;;;;;;;;;;;;;;;;;;;;;;
d_podolia_adj_romanian;Podolian;;;;;;;;;;;;;;;;;;;;;;;;;;;;
d_podolia_adj_szekely;Podolian;;;;;;;;;;;;;;;;;;;;;;;;;;;;
d_vorksla;Vorskla;;;;;;;;;;;;;;;;;;;;;;;;;;;;
k_volga_bulgaria;Volga Bulgaria;;;;;;;;;;;;;;;;;;;;;;;;;;;;
k_volga_bulgaria_adj;Volga Bulgarian;;;;;;;;;;;;;;;;;;;;;;;;;;;;
k_volga_bulgaria_russian;Volga;;;;;;;;;;;;;;;;;;;;;;;;;;;;
k_volga_bulgaria_hungarian;Dentumoger;;;;;;;;;;;;;;;;;;;;;;;;;;;;
d_bulgar;Volga Bulgaria;;;;;;;;;;;;;;;;;;;;;;;;;;;;
d_bulgar_adj;Volga Bulgarian;;;;;;;;;;;;;;;;;;;;;;;;;;;;
d_podonye;Voronezh;;;;;;;;;;;;;;;;;;;;;;;;;;;;
d_samara;Samara;;;;;;;;;;;;;;;;;;;;;;;;;;;;
d_mordva;Moksha;;;;;;;;;;;;;;;;;;;;;;;;;;;;
d_sura;Sura;;;;;;;;;;;;;;;;;;;;;;;;;;;;
d_bashkirs;Bashkortostan;;;;;;;;;;;;;;;;;;;;;;;;;;;;
d_bashkirs_adj;Bashkir;;;;;;;;;;;;;;;;;;;;;;;;;;;;
k_bjarmia;Bjarmaland;;;;;;;;;;;;;;;;;;;;;;;;;;;;
k_bjarmia_adj;Bjarmian;;;;;;;;;;;;;;;;;;;;;;;;;;;;
k_bjarmia_adj_lappish;Tšuudmi;;;;;;;;;;;;;;;;;;;;;;;;;;;;
d_bjarmia;Northern Dvina;;;;;;;;;;;;;;;;;;;;;;;;;;;;
d_onega;Onega;;;;;;;;;;;;;;;;;;;;;;;;;;;;
d_pechora;Pechora;;;;;;;;;;;;;;;;;;;;;;;;;;;;
d_pechora_adj;Pechoran;;;;;;;;;;;;;;;;;;;;;;;;;;;;
k_perm;Great Perm;;;;;;;;;;;;;;;;;;;;;;;;;;;;
k_perm_adj;Permian;;;;;;;;;;;;;;;;;;;;;;;;;;;;
d_perm;Great Perm;;;;;;;;;;;;;;;;;;;;;;;;;;;;
d_perm_adj;Permian;;;;;;;;;;;;;;;;;;;;;;;;;;;;
d_perm_vychegda;Vychegda;;;;;;;;;;;;;;;;;;;;;;;;;;;;
d_perm_vychegda_adj;Vychegdan;;;;;;;;;;;;;;;;;;;;;;;;;;;;
d_pelym;Pelym;;;;;;;;;;;;;;;;;;;;;;;;;;;;
d_vyatka;Vyatka;;;;;;;;;;;;;;;;;;;;;;;;;;;;
k_finland;Finland;;;;;;;;;;;;;;;;;;;;;;;;;;;;
k_finland_adj;Finnish;;;;;;;;;;;;;;;;;;;;;;;;;;;;
d_finland;Finland;;;;;;;;;;;;;;;;;;;;;;;;;;;;
d_finland_adj;Finnish;;;;;;;;;;;;;;;;;;;;;;;;;;;;
d_sampi;Lapland;;;;;;;;;;;;;;;;;;;;;;;;;;;;
d_sampi_adj;Sami;;;;;;;;;;;;;;;;;;;;;;;;;;;;
d_ingria;Ingria;;;;;;;;;;;;;;;;;;;;;;;;;;;;
d_ingria_adj;Ingrian;;;;;;;;;;;;;;;;;;;;;;;;;;;;
d_viipuri;Vyborg;;;;;;;;;;;;;;;;;;;;;;;;;;;;
d_viipuri_adj_russian;Karelian;;;;;;;;;;;;;;;;;;;;;;;;;;;;
d_viipuri_adj_bohemian;Karelian;;;;;;;;;;;;;;;;;;;;;;;;;;;;
d_viipuri_adj_moravian;Karelian;;;;;;;;;;;;;;;;;;;;;;;;;;;;
d_viipuri_adj_polish;Karelian;;;;;;;;;;;;;;;;;;;;;;;;;;;;
d_viipuri_adj_pommeranian;Karelian;;;;;;;;;;;;;;;;;;;;;;;;;;;;
d_viipuri_adj_croatian;Karelian;;;;;;;;;;;;;;;;;;;;;;;;;;;;
d_viipuri_adj_bosnian;Karelian;;;;;;;;;;;;;;;;;;;;;;;;;;;;
d_viipuri_adj_serbian;Karelian;;;;;;;;;;;;;;;;;;;;;;;;;;;;
d_viipuri_adj_karantanci;Karelian;;;;;;;;;;;;;;;;;;;;;;;;;;;;
d_viipuri_adj_bulgarian;Karelian;;;;;;;;;;;;;;;;;;;;;;;;;;;;
k_pomerania;Wendland;;;;;;;;;;;;;;;;;;;;;;;;;;;;
k_pomerania_adj;Wendish;;;;;;;;;;;;;;;;;;;;;;;;;;;;
d_lausitz;Lusatia;;;;;;;;;;;;;;;;;;;;;;;;;;;;
d_lausitz_adj;Lusatian;;;;;;;;;;;;;;;;;;;;;;;;;;;;
d_lubusz;Lebus;;;;;;;;;;;;;;;;;;;;;;;;;;;;
d_rugen;Rügen;;;;;;;;;;;;;;;;;;;;;;;;;;;;
d_rugen_adj;Rügish;;;;;;;;;;;;;;;;;;;;;;;;;;;;
k_terra;Livonia;;;;;;;;;;;;;;;;;;;;;;;;;;;;
k_terra_adj;Livonian;;;;;;;;;;;;;;;;;;;;;;;;;;;;
d_talava;Talava;;;;;;;;;;;;;;;;;;;;;;;;;;;;
d_talava_adj;Talavian;;;;;;;;;;;;;;;;;;;;;;;;;;;;
d_livonia;Livonia;;;;;;;;;;;;;;;;;;;;;;;;;;;;
d_livonia_adj;Livonian;;;;;;;;;;;;;;;;;;;;;;;;;;;;
d_zemigalia;Semigallia;;;;;;;;;;;;;;;;;;;;;;;;;;;;
d_zemigalia_adj;Semigallian;;;;;;;;;;;;;;;;;;;;;;;;;;;;
d_osel_wiek;Ösel–Wiek;;;;;;;;;;;;;;;;;;;;;;;;;;;;
d_dorpat;Ugandi;;;;;;;;;;;;;;;;;;;;;;;;;;;;
d_dorpat_adj;Ugaunian;;;;;;;;;;;;;;;;;;;;;;;;;;;;
d_lettigale;Jersika;;;;;;;;;;;;;;;;;;;;;;;;;;;;
d_lettigale_adj;Latgalian;;;;;;;;;;;;;;;;;;;;;;;;;;;;
e_persia_adj;Iranian;;;;;;;;;;;;;;;;;;;;;;;;;;;;
e_persia;Iran;;;;;;;;;;;;;;;;;;;;;;;;;;;;
k_turkestan_west_adj;West Turkish;;;;;;;;;;;;;;;;;;;;;;;;;;;;
k_turkestan_west;West Turkestan;;;;;;;;;;;;;;;;;;;;;;;;;;;;
k_turkestan_east_adj;East Turkish;;;;;;;;;;;;;;;;;;;;;;;;;;;;
k_turkestan_east;East Turkestan;;;;;;;;;;;;;;;;;;;;;;;;;;;;
k_sistan_adj;Sistani;;;;;;;;;;;;;;;;;;;;;;;;;;;;
k_sistan;Sistan;;;;;;;;;;;;;;;;;;;;;;;;;;;;
k_persia_adj;Iranian;;;;;;;;;;;;;;;;;;;;;;;;;;;;
k_persia;Iran;;;;;;;;;;;;;;;;;;;;;;;;;;;;
k_mavarannahr_adj;Transoxianan;;;;;;;;;;;;;;;;;;;;;;;;;;;;
k_mavarannahr;Transoxiana;;;;;;;;;;;;;;;;;;;;;;;;;;;;
k_khorasan_adj;Khorasan;;;;;;;;;;;;;;;;;;;;;;;;;;;;
k_khorasan;Greater Khorasan;;;;;;;;;;;;;;;;;;;;;;;;;;;;
k_kafarestan;Kabulistan;;;;;;;;;;;;;;;;;;;;;;;;;;;;
k_daylam_adj;Gilanian;;;;;;;;;;;;;;;;;;;;;;;;;;;;
k_daylam;Gilan;;;;;;;;;;;;;;;;;;;;;;;;;;;;
d_zhyetsu;Zhetysu;;;;;;;;;;;;;;;;;;;;;;;;;;;;
d_zabolestan;Zabulistan;;;;;;;;;;;;;;;;;;;;;;;;;;;;
d_ustyurt;Ustyurt Plateau;;;;;;;;;;;;;;;;;;;;;;;;;;;;
d_tabarestan_adj;Tabaristani;;;;;;;;;;;;;;;;;;;;;;;;;;;;
d_tabarestan;Tabaristan;;;;;;;;;;;;;;;;;;;;;;;;;;;;
d_soghd_adj;Sogdian;;;;;;;;;;;;;;;;;;;;;;;;;;;;
d_soghd;Sogdia;;;;;;;;;;;;;;;;;;;;;;;;;;;;
d_sistan_adj;Sistani;;;;;;;;;;;;;;;;;;;;;;;;;;;;
d_sistan;Sistan;;;;;;;;;;;;;;;;;;;;;;;;;;;;
d_shash;Tashkent;;;;;;;;;;;;;;;;;;;;;;;;;;;;
d_qocho;Qocho;;;;;;;;;;;;;;;;;;;;;;;;;;;;
d_nishapur_adj;Nishapuri;;;;;;;;;;;;;;;;;;;;;;;;;;;;
d_nishapur;Nishapur;;;;;;;;;;;;;;;;;;;;;;;;;;;;
d_merv_adj;Mervian;;;;;;;;;;;;;;;;;;;;;;;;;;;;
d_merv;Merv;;;;;;;;;;;;;;;;;;;;;;;;;;;;
d_makran;Makran;;;;;;;;;;;;;;;;;;;;;;;;;;;;
d_khwarazm_adj;Khwarezmian;;;;;;;;;;;;;;;;;;;;;;;;;;;;
d_khwarazm;Khwarezm;;;;;;;;;;;;;;;;;;;;;;;;;;;;
d_khottal;Khatlon Valley;;;;;;;;;;;;;;;;;;;;;;;;;;;;
d_khoar;Dasht-e Kavir;;;;;;;;;;;;;;;;;;;;;;;;;;;;
d_kerman;Kerman;;;;;;;;;;;;;;;;;;;;;;;;;;;;
d_kashgar;Kashgar;;;;;;;;;;;;;;;;;;;;;;;;;;;;
d_jebal;Jibal;;;;;;;;;;;;;;;;;;;;;;;;;;;;
d_jand;Jand;;;;;;;;;;;;;;;;;;;;;;;;;;;;
d_herat;Herat;;;;;;;;;;;;;;;;;;;;;;;;;;;;
d_gurgan;Gorgan;;;;;;;;;;;;;;;;;;;;;;;;;;;;
d_gilan_adj;Gilanian;;;;;;;;;;;;;;;;;;;;;;;;;;;;
d_gilan;Gilan;;;;;;;;;;;;;;;;;;;;;;;;;;;;
d_ferghana;Fergana;;;;;;;;;;;;;;;;;;;;;;;;;;;;
d_fars_adj;Persian;;;;;;;;;;;;;;;;;;;;;;;;;;;;
d_fars;Fars;;;;;;;;;;;;;;;;;;;;;;;;;;;;
d_dasht-i-qipchaq_adj;Cuman;;;;;;;;;;;;;;;;;;;;;;;;;;;;
d_dasht-i-qipchaq;Cumania;;;;;;;;;;;;;;;;;;;;;;;;;;;;
d_balkh;Balkh;;;;;;;;;;;;;;;;;;;;;;;;;;;;
d_ayaguz;Ayaguz;;;;;;;;;;;;;;;;;;;;;;;;;;;;
d_ahwaz;Ahvaz;;;;;;;;;;;;;;;;;;;;;;;;;;;;
d_ustrushana;Osrushana;;;;;;;;;;;;;;;;;;;;;;;;;;;;
d_jungaria;Dzungaria;;;;;;;;;;;;;;;;;;;;;;;;;;;;
d_jungaria_adj;Dzungarian;;;;;;;;;;;;;;;;;;;;;;;;;;;;
d_qohistan;Quhistan;;;;;;;;;;;;;;;;;;;;;;;;;;;;
d_mafaza;Mafaza;;;;;;;;;;;;;;;;;;;;;;;;;;;;
d_dehestan;Dehistan;;;;;;;;;;;;;;;;;;;;;;;;;;;;
d_hamadan;Khuzestan;;;;;;;;;;;;;;;;;;;;;;;;;;;;
d_hamadan_adj;Khuzi;;;;;;;;;;;;;;;;;;;;;;;;;;;;
d_hormuz;Ormus;;;;;;;;;;;;;;;;;;;;;;;;;;;;
d_hormuz_adj;Ormusi;;;;;;;;;;;;;;;;;;;;;;;;;;;;
d_birjand;Quhistan;;;;;;;;;;;;;;;;;;;;;;;;;;;;
d_tabriz;Gilan;;;;;;;;;;;;;;;;;;;;;;;;;;;;
d_tabriz_adj;Gilanian;;;;;;;;;;;;;;;;;;;;;;;;;;;;
k_maghreb;Maghreb;;;;;;;;;;;;;;;;;;;;;;;;;;;;
k_maghreb_adj;Maghrebi;;;;;;;;;;;;;;;;;;;;;;;;;;;;
e_scandinavia;Denmark;;;;;;;;;;;;;;;;;;;;;;;;;;;;
e_scandinavia_adj;Danish;;;;;;;;;;;;;;;;;;;;;;;;;;;;
e_scandinavia_adj_norse;Norwegian;;;;;;;;;;;;;;;;;;;;;;;;;;;;
e_scandinavia_adj_danish;Norwegian;;;;;;;;;;;;;;;;;;;;;;;;;;;;
e_scandinavia_adj_icelandic;Norwegian;;;;;;;;;;;;;;;;;;;;;;;;;;;;
e_scandinavia_adj_gothic;Norwegian;;;;;;;;;;;;;;;;;;;;;;;;;;;;
e_scandinavia_adj_swedish;Norwegian;;;;;;;;;;;;;;;;;;;;;;;;;;;;
e_scandinavia_adj_norwegian;Norwegian;;;;;;;;;;;;;;;;;;;;;;;;;;;;
k_norway;Norway;;;;;;;;;;;;;;;;;;;;;;;;;;;;
k_norway_adj;Norwegian;;;;;;;;;;;;;;;;;;;;;;;;;;;;
d_ostlandet;Viken;;;;;;;;;;;;;;;;;;;;;;;;;;;;
d_trondelag;Trøndelag;;;;;;;;;;;;;;;;;;;;;;;;;;;;
d_trondelag_adj;Trønder;;;;;;;;;;;;;;;;;;;;;;;;;;;;
d_vestlandet;Bergen;;;;;;;;;;;;;;;;;;;;;;;;;;;;
d_vestlandet_adj;Hordalending;;;;;;;;;;;;;;;;;;;;;;;;;;;;
d_jamtland;Jämtland;;;;;;;;;;;;;;;;;;;;;;;;;;;;
d_jamtland_adj;Jamtish;;;;;;;;;;;;;;;;;;;;;;;;;;;;
d_opplandene;Uplands;;;;;;;;;;;;;;;;;;;;;;;;;;;;
d_more;Møre og Romsdal;;;;;;;;;;;;;;;;;;;;;;;;;;;;
d_more_adj;Møring;;;;;;;;;;;;;;;;;;;;;;;;;;;;
d_halogaland;Hålogaland;;;;;;;;;;;;;;;;;;;;;;;;;;;;
d_faereyar;Faroe Islands;;;;;;;;;;;;;;;;;;;;;;;;;;;;
d_faereyar_adj;Faroese;;;;;;;;;;;;;;;;;;;;;;;;;;;;
k_sweden;Sweden;;;;;;;;;;;;;;;;;;;;;;;;;;;;
k_sweden_adj;Swedish;;;;;;;;;;;;;;;;;;;;;;;;;;;;
d_uppland_adj_norse;Svealand;;;;;;;;;;;;;;;;;;;;;;;;;;;;
d_halsingland;Hälsingland;;;;;;;;;;;;;;;;;;;;;;;;;;;;
d_sodermandland;Södermanland;;;;;;;;;;;;;;;;;;;;;;;;;;;;
d_gotland;Gotland;;;;;;;;;;;;;;;;;;;;;;;;;;;;
d_gotland_adj;Gotlandish;;;;;;;;;;;;;;;;;;;;;;;;;;;;
d_gotland_adj_norse;Geatish;;;;;;;;;;;;;;;;;;;;;;;;;;;;
d_gotland_adj_norwegian;Geatish;;;;;;;;;;;;;;;;;;;;;;;;;;;;
k_denmark;Denmark;;;;;;;;;;;;;;;;;;;;;;;;;;;;
k_denmark_adj;Danish;;;;;;;;;;;;;;;;;;;;;;;;;;;;
d_jylland;Jutland;;;;;;;;;;;;;;;;;;;;;;;;;;;;
d_jylland_adj;Jutlandic;;;;;;;;;;;;;;;;;;;;;;;;;;;;
d_slesvig;Schleswig;;;;;;;;;;;;;;;;;;;;;;;;;;;;
d_slesvig_adj;Schleswigian;;;;;;;;;;;;;;;;;;;;;;;;;;;;
d_halland;Halland;;;;;;;;;;;;;;;;;;;;;;;;;;;;
d_halland_adj;Hallandish;;;;;;;;;;;;;;;;;;;;;;;;;;;;
d_sjaelland;Zealand;;;;;;;;;;;;;;;;;;;;;;;;;;;;
d_sjaelland_adj;Zealand;;;;;;;;;;;;;;;;;;;;;;;;;;;;
d_bornholm;Bornholm;;;;;;;;;;;;;;;;;;;;;;;;;;;;
d_skane;Scania;;;;;;;;;;;;;;;;;;;;;;;;;;;;
d_skane_adj;Scanian;;;;;;;;;;;;;;;;;;;;;;;;;;;;
k_iceland;Iceland;;;;;;;;;;;;;;;;;;;;;;;;;;;;
k_iceland_adj;Icelandic;;;;;;;;;;;;;;;;;;;;;;;;;;;;
d_iceland;Iceland;;;;;;;;;;;;;;;;;;;;;;;;;;;;
d_iceland_adj;Icelandic;;;;;;;;;;;;;;;;;;;;;;;;;;;;
k_armenia;Armenia;;;;;;;;;;;;;;;;;;;;;;;;;;;;
k_armenia_adj;Armenian;;;;;;;;;;;;;;;;;;;;;;;;;;;;
d_vaspurakan;Vaspurakan;;;;;;;;;;;;;;;;;;;;;;;;;;;;
d_vaspurakan_adj_greek;Van;;;;;;;;;;;;;;;;;;;;;;;;;;;;
d_suenik;Khachen;;;;;;;;;;;;;;;;;;;;;;;;;;;;
d_tao;Tayk;;;;;;;;;;;;;;;;;;;;;;;;;;;;
d_amida;Diyarbakir;;;;;;;;;;;;;;;;;;;;;;;;;;;;
d_taron;Taron;;;;;;;;;;;;;;;;;;;;;;;;;;;;
d_mesopotamia;Mesopotamia;;;;;;;;;;;;;;;;;;;;;;;;;;;;
d_mesopotamia_adj;Mesopotamian;;;;;;;;;;;;;;;;;;;;;;;;;;;;
d_mesopotamia_adj_armenian;Sophene;;;;;;;;;;;;;;;;;;;;;;;;;;;;
d_mesopotamia_adj_oghuz;Erzurum;;;;;;;;;;;;;;;;;;;;;;;;;;;;
d_mesopotamia_adj_turkmen;Erzurum;;;;;;;;;;;;;;;;;;;;;;;;;;;;
d_mesopotamia_adj_turkish;Erzurum;;;;;;;;;;;;;;;;;;;;;;;;;;;;
d_mesopotamia_adj_maghreb_arabic;Erzurum;;;;;;;;;;;;;;;;;;;;;;;;;;;;
d_mesopotamia_adj_levantine_arabic;Erzurum;;;;;;;;;;;;;;;;;;;;;;;;;;;;
d_mesopotamia_adj_egyptian_arabic;Erzurum;;;;;;;;;;;;;;;;;;;;;;;;;;;;
d_mesopotamia_adj_andalusian_arabic;Erzurum;;;;;;;;;;;;;;;;;;;;;;;;;;;;
d_mesopotamia_adj_sicilian_arabic;Erzurum;;;;;;;;;;;;;;;;;;;;;;;;;;;;
d_mesopotamia_adj_bedouin_arabic;Erzurum;;;;;;;;;;;;;;;;;;;;;;;;;;;;
d_mesopotamia_adj_kurdish;Erzurum;;;;;;;;;;;;;;;;;;;;;;;;;;;;
d_armenia;Armenia;;;;;;;;;;;;;;;;;;;;;;;;;;;;
d_armenia_adj;Armenian;;;;;;;;;;;;;;;;;;;;;;;;;;;;
d_armenia_adj_kurdish;Ani;;;;;;;;;;;;;;;;;;;;;;;;;;;;
d_armenia_adj_greek;Ani;;;;;;;;;;;;;;;;;;;;;;;;;;;;
k_georgia;Georgia;;;;;;;;;;;;;;;;;;;;;;;;;;;;
k_georgia_adj;Georgian;;;;;;;;;;;;;;;;;;;;;;;;;;;;
d_kakheti;Kakheti;;;;;;;;;;;;;;;;;;;;;;;;;;;;
d_kakheti_adj;Kakhetian;;;;;;;;;;;;;;;;;;;;;;;;;;;;
d_abkhazia;Abkhazia;;;;;;;;;;;;;;;;;;;;;;;;;;;;
d_abkhazia_adj;Abkhazian;;;;;;;;;;;;;;;;;;;;;;;;;;;;
d_kartli;Kartli;;;;;;;;;;;;;;;;;;;;;;;;;;;;
d_kartli_adj;Kartlian;;;;;;;;;;;;;;;;;;;;;;;;;;;;
k_caucasian_albania;Caucasian Albania;;;;;;;;;;;;;;;;;;;;;;;;;;;;
k_caucasian_albania_adj;Caucasian Albanian;;;;;;;;;;;;;;;;;;;;;;;;;;;;
d_shirvan;Shirvan;;;;;;;;;;;;;;;;;;;;;;;;;;;;
d_derbent;Derbent;;;;;;;;;;;;;;;;;;;;;;;;;;;;
d_derbent_adj;Derbent;;;;;;;;;;;;;;;;;;;;;;;;;;;;
d_albania;Arran;;;;;;;;;;;;;;;;;;;;;;;;;;;;
