baron_greek;Drungary;;;;;;;;;;;;;;;;;;;;;;;;;;;;
baron_female_greek;Countess;;;;;;;;;;;;;;;;;;;;;;;;;;;;
count_greek;Tourmarches;;;;;;;;;;;;;;;;;;;;;;;;;;;;
count_female_greek;Tourmarchissa;;;;;;;;;;;;;;;;;;;;;;;;;;;;
duke_greek;Dux;;;;;;;;;;;;;;;;;;;;;;;;;;;;
duke_female_greek;Doukissa;;;;;;;;;;;;;;;;;;;;;;;;;;;;
king_greek;Despot;;;;;;;;;;;;;;;;;;;;;;;;;;;;
king_female_greek;Déspoina;;;;;;;;;;;;;;;;;;;;;;;;;;;;
emperor_greek;Basileus;;;;;;;;;;;;;;;;;;;;;;;;;;;;
emperor_female_greek;Basilissa;;;;;;;;;;;;;;;;;;;;;;;;;;;;
title_prince_greek;Caesar;;;;;;;;;;;;;;;;;;;;;;;;;;;;
title_prince_female_greek;Caesar;;;;;;;;;;;;;;;;;;;;;;;;;;;;
barony_of_greek;Kastron of;;;;;;;;;;;;;;;;;;;;;;;;;;;;
county_of_greek;Turma of;;;;;;;;;;;;;;;;;;;;;;;;;;;;
duchy_of_greek;Theme of;;;;;;;;;;;;;;;;;;;;;;;;;;;;
kingdom_of_greek;Despotate of;;;;;;;;;;;;;;;;;;;;;;;;;;;;
city_baron_greek;Kephale;;;;;;;;;;;;;;;;;;;;;;;;;;;;
city_count_greek;Archon;;;;;;;;;;;;;;;;;;;;;;;;;;;;
city_duke_greek;Protarchon;;;;;;;;;;;;;;;;;;;;;;;;;;;;
city_king_greek;Protodoux;;;;;;;;;;;;;;;;;;;;;;;;;;;;
city_emperor_greek;Grand Sire;;;;;;;;;;;;;;;;;;;;;;;;;;;;
city_barony_of_greek;Katepanikion of;;;;;;;;;;;;;;;;;;;;;;;;;;;;
city_county_of_greek;Polis of;;;;;;;;;;;;;;;;;;;;;;;;;;;;
city_duchy_of_greek;Politeia of;;;;;;;;;;;;;;;;;;;;;;;;;;;;
city_kingdom_of_greek;Archipoliteia of;;;;;;;;;;;;;;;;;;;;;;;;;;;;
city_empire_of_greek;Dynasty of;;;;;;;;;;;;;;;;;;;;;;;;;;;;
temple_count_greek;Bishop;;;;;;;;;;;;;;;;;;;;;;;;;;;;
temple_duke_greek;Archbishop;;;;;;;;;;;;;;;;;;;;;;;;;;;;
vice_royalty_count_greek;Strategos;;;;;;;;;;;;;;;;;;;;;;;;;;;;
vice_royalty_duke_greek;Strategos;;;;;;;;;;;;;;;;;;;;;;;;;;;;
vice_royalty_king_greek;Exarch;;;;;;;;;;;;;;;;;;;;;;;;;;;;
baron_danish;Herra;;;;;;;;;;;;;;;;;;;;;;;;;;;;
baron_gothic;Herra;;;;;;;;;;;;;;;;;;;;;;;;;;;;
baron_icelandic;Herra;;;;;;;;;;;;;;;;;;;;;;;;;;;;
baron_swedish;Herra;;;;;;;;;;;;;;;;;;;;;;;;;;;;
baron_norwegian;Herra;;;;;;;;;;;;;;;;;;;;;;;;;;;;
baron_female_danish;Mistress;;;;;;;;;;;;;;;;;;;;;;;;;;;;
baron_female_gothic;Mistress;;;;;;;;;;;;;;;;;;;;;;;;;;;;
baron_female_icelandic;Mistress;;;;;;;;;;;;;;;;;;;;;;;;;;;;
baron_female_swedish;Mistress;;;;;;;;;;;;;;;;;;;;;;;;;;;;
baron_female_norwegian;Mistress;;;;;;;;;;;;;;;;;;;;;;;;;;;;
count_norse;Thegn;;;;;;;;;;;;;;;;;;;;;;;;;;;;
count_danish;Herra;;;;;;;;;;;;;;;;;;;;;;;;;;;;
count_icelandic;Landnámaður;;;;;;;;;;;;;;;;;;;;;;;;;;;;
count_gothic;Herra;;;;;;;;;;;;;;;;;;;;;;;;;;;;
count_swedish;Herra;;;;;;;;;;;;;;;;;;;;;;;;;;;;
count_norwegian;Lendmann;;;;;;;;;;;;;;;;;;;;;;;;;;;;
count_female_icelandic;Mistress;;;;;;;;;;;;;;;;;;;;;;;;;;;;
count_female_gothic;Mistress;;;;;;;;;;;;;;;;;;;;;;;;;;;;
count_female_danish;Mistress;;;;;;;;;;;;;;;;;;;;;;;;;;;;
count_female_swedish;Mistress;;;;;;;;;;;;;;;;;;;;;;;;;;;;
count_female_norwegian;Mistress;;;;;;;;;;;;;;;;;;;;;;;;;;;;
duke_danish;Jarl;;;;;;;;;;;;;;;;;;;;;;;;;;;;
duke_icelandic;Jarl;;;;;;;;;;;;;;;;;;;;;;;;;;;;
duke_gothic;Jarl;;;;;;;;;;;;;;;;;;;;;;;;;;;;
duke_swedish;Jarl;;;;;;;;;;;;;;;;;;;;;;;;;;;;
duke_norwegian;Jarl;;;;;;;;;;;;;;;;;;;;;;;;;;;;
duke_female_danish;Mistress;;;;;;;;;;;;;;;;;;;;;;;;;;;;
duke_female_gothic;Mistress;;;;;;;;;;;;;;;;;;;;;;;;;;;;
duke_female_icelandic;Mistress;;;;;;;;;;;;;;;;;;;;;;;;;;;;
duke_female_swedish;Mistress;;;;;;;;;;;;;;;;;;;;;;;;;;;;
duke_female_norwegian;Mistress;;;;;;;;;;;;;;;;;;;;;;;;;;;;
king_danish;King;;;;;;;;;;;;;;;;;;;;;;;;;;;;
king_gothic;King;;;;;;;;;;;;;;;;;;;;;;;;;;;;
king_icelandic;King;;;;;;;;;;;;;;;;;;;;;;;;;;;;
king_norse;King;;;;;;;;;;;;;;;;;;;;;;;;;;;;
king_swedish;King;;;;;;;;;;;;;;;;;;;;;;;;;;;;
king_norwegian;King;;;;;;;;;;;;;;;;;;;;;;;;;;;;
king_female_norse;Queen;;;;;;;;;;;;;;;;;;;;;;;;;;;;
king_female_icelandic;Queen;;;;;;;;;;;;;;;;;;;;;;;;;;;;
king_female_gothic;Queen;;;;;;;;;;;;;;;;;;;;;;;;;;;;
king_female_danish;Queen;;;;;;;;;;;;;;;;;;;;;;;;;;;;
king_female_swedish;Queen;;;;;;;;;;;;;;;;;;;;;;;;;;;;
king_female_norwegian;Queen;;;;;;;;;;;;;;;;;;;;;;;;;;;;
emperor_icelandic;Emperor;;;;;;;;;;;;;;;;;;;;;;;;;;;;
emperor_gothic;Emperor;;;;;;;;;;;;;;;;;;;;;;;;;;;;
emperor_norse;Emperor;;;;;;;;;;;;;;;;;;;;;;;;;;;;
emperor_danish;Emperor;;;;;;;;;;;;;;;;;;;;;;;;;;;;
emperor_swedish;Emperor;;;;;;;;;;;;;;;;;;;;;;;;;;;;
emperor_norwegian;Emperor;;;;;;;;;;;;;;;;;;;;;;;;;;;;
emperor_female_gothic;Empress;;;;;;;;;;;;;;;;;;;;;;;;;;;;
emperor_female_icelandic;Empress;;;;;;;;;;;;;;;;;;;;;;;;;;;;
emperor_female_norse;Empress;;;;;;;;;;;;;;;;;;;;;;;;;;;;
emperor_female_danish;Empress;;;;;;;;;;;;;;;;;;;;;;;;;;;;
emperor_female_swedish;Empress;;;;;;;;;;;;;;;;;;;;;;;;;;;;
emperor_female_norwegian;Empress;;;;;;;;;;;;;;;;;;;;;;;;;;;;
count_title_ruler_consort_gothic;Herra;;;;;;;;;;;;;;;;;;;;;;;;;;;;
count_title_ruler_consort_danish;Herra;;;;;;;;;;;;;;;;;;;;;;;;;;;;
count_title_ruler_consort_swedish;Herra;;;;;;;;;;;;;;;;;;;;;;;;;;;;
duke_title_ruler_consort_gothic;Herra;;;;;;;;;;;;;;;;;;;;;;;;;;;;
duke_title_ruler_consort_icelandic;Herra;;;;;;;;;;;;;;;;;;;;;;;;;;;;
duke_title_ruler_consort_danish;Herra;;;;;;;;;;;;;;;;;;;;;;;;;;;;
duke_title_ruler_consort_swedish;Herra;;;;;;;;;;;;;;;;;;;;;;;;;;;;
duke_title_ruler_consort_norwegian;Herra;;;;;;;;;;;;;;;;;;;;;;;;;;;;
title_prince_swedish;Prince;;;;;;;;;;;;;;;;;;;;;;;;;;;;
title_prince_female_swedish;Princess;;;;;;;;;;;;;;;;;;;;;;;;;;;;
title_prince_danish;Prince;;;;;;;;;;;;;;;;;;;;;;;;;;;;
title_prince_female_danish;Princess;;;;;;;;;;;;;;;;;;;;;;;;;;;;
title_prince_norwegian;Prince;;;;;;;;;;;;;;;;;;;;;;;;;;;;
title_prince_female_norwegian;Princess;;;;;;;;;;;;;;;;;;;;;;;;;;;;
duchy_of_icelandic;Jarldom of;;;;;;;;;;;;;;;;;;;;;;;;;;;;
duchy_of_gothic;Jarldom of;;;;;;;;;;;;;;;;;;;;;;;;;;;;
duchy_of_swedish;Jarldom of;;;;;;;;;;;;;;;;;;;;;;;;;;;;
duchy_of_danish;Jarldom of;;;;;;;;;;;;;;;;;;;;;;;;;;;;
duchy_of_norwegian;Jarldom of;;;;;;;;;;;;;;;;;;;;;;;;;;;;
county_of_norwegian;County of;;;;;;;;;;;;;;;;;;;;;;;;;;;;
kingdom_of_icelandic;Kingdom of;;;;;;;;;;;;;;;;;;;;;;;;;;;;
kingdom_of_gothic;Kingdom of;;;;;;;;;;;;;;;;;;;;;;;;;;;;
kingdom_of_swedish;Kingdom of;;;;;;;;;;;;;;;;;;;;;;;;;;;;
kingdom_of_danish;Kingdom of;;;;;;;;;;;;;;;;;;;;;;;;;;;;
kingdom_of_norwegian;Kingdom of;;;;;;;;;;;;;;;;;;;;;;;;;;;;
kingdom_of_norse;Kingdom of;;;;;;;;;;;;;;;;;;;;;;;;;;;;
kingdom_icelandic;Kingdom;;;;;;;;;;;;;;;;;;;;;;;;;;;;
kingdom_gothic;Kingdom;;;;;;;;;;;;;;;;;;;;;;;;;;;;
kingdom_swedish;Kingdom;;;;;;;;;;;;;;;;;;;;;;;;;;;;
kingdom_danish;Kingdom;;;;;;;;;;;;;;;;;;;;;;;;;;;;
kingdom_norwegian;Kingdom;;;;;;;;;;;;;;;;;;;;;;;;;;;;
kingdom_norse;Kingdom;;;;;;;;;;;;;;;;;;;;;;;;;;;;
duchy_icelandic;Jarldom;;;;;;;;;;;;;;;;;;;;;;;;;;;;
duchy_gothic;Jarldom;;;;;;;;;;;;;;;;;;;;;;;;;;;;
duchy_swedish;Jarldom;;;;;;;;;;;;;;;;;;;;;;;;;;;;
duchy_danish;Jarldom;;;;;;;;;;;;;;;;;;;;;;;;;;;;
duchy_norwegian;Jarldom;;;;;;;;;;;;;;;;;;;;;;;;;;;;
county_norwegian;County;;;;;;;;;;;;;;;;;;;;;;;;;;;;
baron_russian;Boyar;;;;;;;;;;;;;;;;;;;;;;;;;;;;
baron_female_russian;Boyarynia;;;;;;;;;;;;;;;;;;;;;;;;;;;;
count_russian;Prince;;;;;;;;;;;;;;;;;;;;;;;;;;;;
count_female_russian;Princess;;;;;;;;;;;;;;;;;;;;;;;;;;;;
duke_russian;Prince;;;;;;;;;;;;;;;;;;;;;;;;;;;;
duke_female_russian;Princess;;;;;;;;;;;;;;;;;;;;;;;;;;;;
king_russian;Grand Duke;;;;;;;;;;;;;;;;;;;;;;;;;;;;
king_female_russian;Grand Duchess;;;;;;;;;;;;;;;;;;;;;;;;;;;;
title_ruler_consort_female_russian;Princess;;;;;;;;;;;;;;;;;;;;;;;;;;;;
emperor_russian;Tsar;;;;;;;;;;;;;;;;;;;;;;;;;;;;
emperor_female_russian;Tsarina;;;;;;;;;;;;;;;;;;;;;;;;;;;;
emperor_title_ruler_consort_russian;Grand Duke;;;;;;;;;;;;;;;;;;;;;;;;;;;;
title_prince_russian;Knyazhich;;;;;;;;;;;;;;;;;;;;;;;;;;;;
title_prince_female_russian;Knyazhna;;;;;;;;;;;;;;;;;;;;;;;;;;;;
barony_of_russian;Volost of;;;;;;;;;;;;;;;;;;;;;;;;;;;;
county_of_russian;Udel of;;;;;;;;;;;;;;;;;;;;;;;;;;;;
duchy_of_russian;Duchy of;;;;;;;;;;;;;;;;;;;;;;;;;;;;
kingdom_of_russian;Grand Duchy of;;;;;;;;;;;;;;;;;;;;;;;;;;;;
empire_of_russian;Tsardom of;;;;;;;;;;;;;;;;;;;;;;;;;;;;
city_baron_russian;Posadnik;;;;;;;;;;;;;;;;;;;;;;;;;;;;
city_count_russian;Viceroy;;;;;;;;;;;;;;;;;;;;;;;;;;;;
temple_baron_russian;Bishop;;;;;;;;;;;;;;;;;;;;;;;;;;;;
baron_scottish;Chieftain;;;;;;;;;;;;;;;;;;;;;;;;;;;;
baron_female_scottish;Chieftess;;;;;;;;;;;;;;;;;;;;;;;;;;;;
count_scottish;Earl;;;;;;;;;;;;;;;;;;;;;;;;;;;;
duke_scottish;Earl;;;;;;;;;;;;;;;;;;;;;;;;;;;;
duke_title_ruler_consort_scottish;Earl;;;;;;;;;;;;;;;;;;;;;;;;;;;;
county_of_scottish;Earldom of;;;;;;;;;;;;;;;;;;;;;;;;;;;;
duchy_of_scottish;Mormaerdom of;;;;;;;;;;;;;;;;;;;;;;;;;;;;
city_baron_scottish;Baillie;;;;;;;;;;;;;;;;;;;;;;;;;;;;
city_count_scottish;Provost;;;;;;;;;;;;;;;;;;;;;;;;;;;;
city_barony_of_scottish;Burgh of;;;;;;;;;;;;;;;;;;;;;;;;;;;;
city_county_of_scottish;Burgh of;;;;;;;;;;;;;;;;;;;;;;;;;;;;
baron_irish;Tigerna;;;;;;;;;;;;;;;;;;;;;;;;;;;;
baron_female_irish;Lady;;;;;;;;;;;;;;;;;;;;;;;;;;;;
count_irish;Ri buiden;;;;;;;;;;;;;;;;;;;;;;;;;;;;
count_female_irish;Lady;;;;;;;;;;;;;;;;;;;;;;;;;;;;
duke_irish;Rí ruirech;;;;;;;;;;;;;;;;;;;;;;;;;;;;
duke_female_irish;Lady;;;;;;;;;;;;;;;;;;;;;;;;;;;;
king_irish;High King;;;;;;;;;;;;;;;;;;;;;;;;;;;;
king_female_irish;Queen;;;;;;;;;;;;;;;;;;;;;;;;;;;;
emperor_irish;Ollamh Érenn;;;;;;;;;;;;;;;;;;;;;;;;;;;;
emperor_female_irish;Ollamh Érenn;;;;;;;;;;;;;;;;;;;;;;;;;;;;
title_prince_irish;Flaith;;;;;;;;;;;;;;;;;;;;;;;;;;;;
title_prince_female_irish;Banfhlaith;;;;;;;;;;;;;;;;;;;;;;;;;;;;
barony_of_irish;People of;;;;;;;;;;;;;;;;;;;;;;;;;;;;
county_of_irish;Province of;;;;;;;;;;;;;;;;;;;;;;;;;;;;
duchy_of_irish;Kingdom of;;;;;;;;;;;;;;;;;;;;;;;;;;;;
kingdom_of_irish;Kingdom of;;;;;;;;;;;;;;;;;;;;;;;;;;;;
empire_of_irish;Kingdom of;;;;;;;;;;;;;;;;;;;;;;;;;;;;
baron_welsh;Tigerna;;;;;;;;;;;;;;;;;;;;;;;;;;;;
baron_female_welsh;Lady;;;;;;;;;;;;;;;;;;;;;;;;;;;;
count_welsh;Tywysog;;;;;;;;;;;;;;;;;;;;;;;;;;;;
count_title_ruler_consort_welsh;Tywysoges;;;;;;;;;;;;;;;;;;;;;;;;;;;;
duke_welsh;Tywysog;;;;;;;;;;;;;;;;;;;;;;;;;;;;
duke_female_welsh;Tywysoges;;;;;;;;;;;;;;;;;;;;;;;;;;;;
king_welsh;King;;;;;;;;;;;;;;;;;;;;;;;;;;;;
king_female_welsh;Queen;;;;;;;;;;;;;;;;;;;;;;;;;;;;
emperor_welsh;King;;;;;;;;;;;;;;;;;;;;;;;;;;;;
emperor_female_welsh;Queen;;;;;;;;;;;;;;;;;;;;;;;;;;;;
title_prince_welsh;Heir;;;;;;;;;;;;;;;;;;;;;;;;;;;;
barony_of_welsh;Commote of;;;;;;;;;;;;;;;;;;;;;;;;;;;;
county_of_welsh;Cantref of;;;;;;;;;;;;;;;;;;;;;;;;;;;;
duchy_of_welsh;Principality of;;;;;;;;;;;;;;;;;;;;;;;;;;;;
kingdom_of_welsh;Kingdom of;;;;;;;;;;;;;;;;;;;;;;;;;;;;
empire_of_welsh;Kingdom of;;;;;;;;;;;;;;;;;;;;;;;;;;;;
baron_cumbric;Tigerna;;;;;;;;;;;;;;;;;;;;;;;;;;;;
baron_female_cumbric;Lady;;;;;;;;;;;;;;;;;;;;;;;;;;;;
count_cumbric;Tywysog;;;;;;;;;;;;;;;;;;;;;;;;;;;;
count_title_ruler_consort_cumbric;Tywysoges;;;;;;;;;;;;;;;;;;;;;;;;;;;;
duke_cumbric;Tywysog;;;;;;;;;;;;;;;;;;;;;;;;;;;;
duke_female_cumbric;Tywysoges;;;;;;;;;;;;;;;;;;;;;;;;;;;;
king_cumbric;King;;;;;;;;;;;;;;;;;;;;;;;;;;;;
king_female_cumbric;Queen;;;;;;;;;;;;;;;;;;;;;;;;;;;;
emperor_cumbric;King;;;;;;;;;;;;;;;;;;;;;;;;;;;;
emperor_female_cumbric;Queen;;;;;;;;;;;;;;;;;;;;;;;;;;;;
title_prince_cumbric;Heir;;;;;;;;;;;;;;;;;;;;;;;;;;;;
barony_of_cumbric;Commote of;;;;;;;;;;;;;;;;;;;;;;;;;;;;
county_of_cumbric;Cantref of;;;;;;;;;;;;;;;;;;;;;;;;;;;;
duchy_of_cumbric;Principality of;;;;;;;;;;;;;;;;;;;;;;;;;;;;
kingdom_of_cumbric;Kingdom of;;;;;;;;;;;;;;;;;;;;;;;;;;;;
empire_of_cumbric;Kingdom of;;;;;;;;;;;;;;;;;;;;;;;;;;;;
baron_cornish;Tigerna;;;;;;;;;;;;;;;;;;;;;;;;;;;;
baron_female_cornish;Lady;;;;;;;;;;;;;;;;;;;;;;;;;;;;
count_cornish;Tywysog;;;;;;;;;;;;;;;;;;;;;;;;;;;;
count_title_ruler_consort_cornish;Tywysoges;;;;;;;;;;;;;;;;;;;;;;;;;;;;
duke_cornish;Tywysog;;;;;;;;;;;;;;;;;;;;;;;;;;;;
duke_female_cornish;Tywysoges;;;;;;;;;;;;;;;;;;;;;;;;;;;;
duke_title_ruler_consort_cornish;Tywysog;;;;;;;;;;;;;;;;;;;;;;;;;;;;
duke_title_ruler_consort_female_cornish;Tywysoges;;;;;;;;;;;;;;;;;;;;;;;;;;;;
king_cornish;King;;;;;;;;;;;;;;;;;;;;;;;;;;;;
king_female_cornish;Queen;;;;;;;;;;;;;;;;;;;;;;;;;;;;
emperor_cornish;King;;;;;;;;;;;;;;;;;;;;;;;;;;;;
emperor_female_cornish;Queen;;;;;;;;;;;;;;;;;;;;;;;;;;;;
title_prince_cornish;Heir;;;;;;;;;;;;;;;;;;;;;;;;;;;;
barony_of_cornish;Commote of;;;;;;;;;;;;;;;;;;;;;;;;;;;;
county_of_cornish;Cantref of;;;;;;;;;;;;;;;;;;;;;;;;;;;;
duchy_of_cornish;Principality of;;;;;;;;;;;;;;;;;;;;;;;;;;;;
kingdom_of_cornish;Kingdom of;;;;;;;;;;;;;;;;;;;;;;;;;;;;
empire_of_cornish;Kingdom of;;;;;;;;;;;;;;;;;;;;;;;;;;;;
duke_lithuanian;Duke;;;;;;;;;;;;;;;;;;;;;;;;;;;;
duke_lithuanian_female;Duchess;;;;;;;;;;;;;;;;;;;;;;;;;;;;
king_lithuanian;Grand Duke;;;;;;;;;;;;;;;;;;;;;;;;;;;;
king_lithuanian_female;Grand Duchess;;;;;;;;;;;;;;;;;;;;;;;;;;;;
king_title_ruler_consort_lithuanian;Duke;;;;;;;;;;;;;;;;;;;;;;;;;;;;
king_title_ruler_consort_female_lithuanian;Duchess;;;;;;;;;;;;;;;;;;;;;;;;;;;;
emperor_lithuanian_female;Grand Duchess;;;;;;;;;;;;;;;;;;;;;;;;;;;;
emperor_title_ruler_consort_female_lithuanian;Grand Duchess;;;;;;;;;;;;;;;;;;;;;;;;;;;;
kingdom_of_lithuanian;Grand Duchy of;;;;;;;;;;;;;;;;;;;;;;;;;;;;
count_lithuanian;Voivode;;;;;;;;;;;;;;;;;;;;;;;;;;;;
barron_lithuanian;Bajoras;;;;;;;;;;;;;;;;;;;;;;;;;;;;
count_english;Earl;;;;;;;;;;;;;;;;;;;;;;;;;;;;
county_of_english;Earldom of;;;;;;;;;;;;;;;;;;;;;;;;;;;;
city_baron_english;Sheriff;;;;;;;;;;;;;;;;;;;;;;;;;;;;
city_count_english;High sheriff;;;;;;;;;;;;;;;;;;;;;;;;;;;;
baron_saxon;Thegn;;;;;;;;;;;;;;;;;;;;;;;;;;;;
count_saxon;Ealdorman;;;;;;;;;;;;;;;;;;;;;;;;;;;;
count_female_saxon;Lady;;;;;;;;;;;;;;;;;;;;;;;;;;;;
duke_saxon;Earl;;;;;;;;;;;;;;;;;;;;;;;;;;;;
duke_female_saxon;Lady;;;;;;;;;;;;;;;;;;;;;;;;;;;;
duchy_of_saxon;Earldom of;;;;;;;;;;;;;;;;;;;;;;;;;;;;
city_baron_saxon;Tithingman;;;;;;;;;;;;;;;;;;;;;;;;;;;;
city_count_saxon;Provost;;;;;;;;;;;;;;;;;;;;;;;;;;;;
city_barony_of_saxon;Tithing of;;;;;;;;;;;;;;;;;;;;;;;;;;;;
city_county_of_saxon;Burgh of;;;;;;;;;;;;;;;;;;;;;;;;;;;;
county_of_saxon;Shire of;;;;;;;;;;;;;;;;;;;;;;;;;;;;
king_saxon;King;;;;;;;;;;;;;;;;;;;;;;;;;;;;
king_female_saxon;Queen;;;;;;;;;;;;;;;;;;;;;;;;;;;;
kingdom_of_saxon;Kingdom of;;;;;;;;;;;;;;;;;;;;;;;;;;;;
kingdom_saxon;Kingdom;;;;;;;;;;;;;;;;;;;;;;;;;;;;
emperor_saxon;Emperor;;;;;;;;;;;;;;;;;;;;;;;;;;;;
emperor_female_saxon;Queen;;;;;;;;;;;;;;;;;;;;;;;;;;;;
empire_saxon;Empire;;;;;;;;;;;;;;;;;;;;;;;;;;;;
empire_of_saxon;Empire of;;;;;;;;;;;;;;;;;;;;;;;;;;;;
county_saxon;Shire;;;;;;;;;;;;;;;;;;;;;;;;;;;;
baron_frankish;Baron;;;;;;;;;;;;;;;;;;;;;;;;;;;;
baron_female_frankish;Baroness;;;;;;;;;;;;;;;;;;;;;;;;;;;;
count_frankish;Count;;;;;;;;;;;;;;;;;;;;;;;;;;;;
count_female_frankish;Countess;;;;;;;;;;;;;;;;;;;;;;;;;;;;
duke_frankish;Duke;;;;;;;;;;;;;;;;;;;;;;;;;;;;
duke_female_frankish;Duchess;;;;;;;;;;;;;;;;;;;;;;;;;;;;
king_frankish;King;;;;;;;;;;;;;;;;;;;;;;;;;;;;
king_female_frankish;Queen;;;;;;;;;;;;;;;;;;;;;;;;;;;;
emperor_frankish;Emperor;;;;;;;;;;;;;;;;;;;;;;;;;;;;
emperor_female_frankish;Empress;;;;;;;;;;;;;;;;;;;;;;;;;;;;
title_prince_frankish;Prince;;;;;;;;;;;;;;;;;;;;;;;;;;;;
title_prince_female_frankish;Princess;;;;;;;;;;;;;;;;;;;;;;;;;;;;
baron_occitan;Baron;;;;;;;;;;;;;;;;;;;;;;;;;;;;
baron_female_occitan;Baroness;;;;;;;;;;;;;;;;;;;;;;;;;;;;
count_occitan;Count;;;;;;;;;;;;;;;;;;;;;;;;;;;;
count_female_occitan;Countess;;;;;;;;;;;;;;;;;;;;;;;;;;;;
duke_occitan;Duke;;;;;;;;;;;;;;;;;;;;;;;;;;;;
duke_female_occitan;Duchess;;;;;;;;;;;;;;;;;;;;;;;;;;;;
king_occitan;King;;;;;;;;;;;;;;;;;;;;;;;;;;;;
king_female_occitan;Queen;;;;;;;;;;;;;;;;;;;;;;;;;;;;
emperor_occitan;Emperor;;;;;;;;;;;;;;;;;;;;;;;;;;;;
emperor_female_occitan;Empress;;;;;;;;;;;;;;;;;;;;;;;;;;;;
title_prince_occitan;Prince;;;;;;;;;;;;;;;;;;;;;;;;;;;;
title_prince_female_occitan;Princess;;;;;;;;;;;;;;;;;;;;;;;;;;;;
castle_barony_of_frankish;Barony of;;;;;;;;;;;;;;;;;;;;;;;;;;;;
county_of_frankish;County of;;;;;;;;;;;;;;;;;;;;;;;;;;;;
duchy_of_frankish;Duchy of;;;;;;;;;;;;;;;;;;;;;;;;;;;;
kingdom_of_frankish;Kingdom of;;;;;;;;;;;;;;;;;;;;;;;;;;;;
baron_portuguese;Baron;;;;;;;;;;;;;;;;;;;;;;;;;;;;
baron_female_portuguese;Baroness;;;;;;;;;;;;;;;;;;;;;;;;;;;;
count_portuguese;Count;;;;;;;;;;;;;;;;;;;;;;;;;;;;
count_female_portuguese;Countess;;;;;;;;;;;;;;;;;;;;;;;;;;;;
duke_portuguese;Duke;;;;;;;;;;;;;;;;;;;;;;;;;;;;
duke_female_portuguese;Duchess;;;;;;;;;;;;;;;;;;;;;;;;;;;;
king_portuguese;King;;;;;;;;;;;;;;;;;;;;;;;;;;;;
king_female_portuguese;Queen;;;;;;;;;;;;;;;;;;;;;;;;;;;;
emperor_portuguese;Emperor;;;;;;;;;;;;;;;;;;;;;;;;;;;;
emperor_female_portuguese;Empress;;;;;;;;;;;;;;;;;;;;;;;;;;;;
title_prince_portuguese;Infant;;;;;;;;;;;;;;;;;;;;;;;;;;;;
title_prince_female_portuguese;Infant;;;;;;;;;;;;;;;;;;;;;;;;;;;;
baron_galician;Baron;;;;;;;;;;;;;;;;;;;;;;;;;;;;
baron_female_galician;Baroness;;;;;;;;;;;;;;;;;;;;;;;;;;;;
count_galician;Count;;;;;;;;;;;;;;;;;;;;;;;;;;;;
count_female_galician;Countess;;;;;;;;;;;;;;;;;;;;;;;;;;;;
duke_galician;Duke;;;;;;;;;;;;;;;;;;;;;;;;;;;;
duke_female_galician;Duchess;;;;;;;;;;;;;;;;;;;;;;;;;;;;
king_galician;King;;;;;;;;;;;;;;;;;;;;;;;;;;;;
king_female_galician;Queen;;;;;;;;;;;;;;;;;;;;;;;;;;;;
emperor_galician;Emperor;;;;;;;;;;;;;;;;;;;;;;;;;;;;
emperor_female_galician;Empress;;;;;;;;;;;;;;;;;;;;;;;;;;;;
title_prince_galician;Infant;;;;;;;;;;;;;;;;;;;;;;;;;;;;
title_prince_female_galician;Infant;;;;;;;;;;;;;;;;;;;;;;;;;;;;
baron_norman;Châtelain;;;;;;;;;;;;;;;;;;;;;;;;;;;;
baron_female_norman;Châtelaine;;;;;;;;;;;;;;;;;;;;;;;;;;;;
castle_barony_of_norman;Castellany of;;;;;;;;;;;;;;;;;;;;;;;;;;;;
city_baron_norman;Bailiff;;;;;;;;;;;;;;;;;;;;;;;;;;;;
city_barony_of_norman;Bailiwick of;;;;;;;;;;;;;;;;;;;;;;;;;;;;
baron_polish;Castellan;;;;;;;;;;;;;;;;;;;;;;;;;;;;
baron_female_polish;Castellan;;;;;;;;;;;;;;;;;;;;;;;;;;;;
count_polish;Starosta;;;;;;;;;;;;;;;;;;;;;;;;;;;;
count_female_polish;Staroscina;;;;;;;;;;;;;;;;;;;;;;;;;;;;
duke_polish;Duke;;;;;;;;;;;;;;;;;;;;;;;;;;;;
duke_female_polish;Duchess;;;;;;;;;;;;;;;;;;;;;;;;;;;;
king_polish;King;;;;;;;;;;;;;;;;;;;;;;;;;;;;
king_female_polish;Queen;;;;;;;;;;;;;;;;;;;;;;;;;;;;
emperor_polish;Emperor;;;;;;;;;;;;;;;;;;;;;;;;;;;;
emperor_female_polish;Empress;;;;;;;;;;;;;;;;;;;;;;;;;;;;
barony_of_polish;Castellany of;;;;;;;;;;;;;;;;;;;;;;;;;;;;
county_of_polish;Starostwo of;;;;;;;;;;;;;;;;;;;;;;;;;;;;
duchy_of_polish;Duchy of;;;;;;;;;;;;;;;;;;;;;;;;;;;;
city_baron_polish;Mayor;;;;;;;;;;;;;;;;;;;;;;;;;;;;
city_count_polish;Vogt;;;;;;;;;;;;;;;;;;;;;;;;;;;;
temple_count_polish;Bishop;;;;;;;;;;;;;;;;;;;;;;;;;;;;
temple_county_of_polish;Diocese of;;;;;;;;;;;;;;;;;;;;;;;;;;;;
count_pommeranian;Duke;;;;;;;;;;;;;;;;;;;;;;;;;;;;
duke_pommeranian;Prince;;;;;;;;;;;;;;;;;;;;;;;;;;;;
count_croatian;Župan;;;;;;;;;;;;;;;;;;;;;;;;;;;;
duke_croatian;Ban;;;;;;;;;;;;;;;;;;;;;;;;;;;;
county_of_croatian;County of;;;;;;;;;;;;;;;;;;;;;;;;;;;;
duchy_of_croatian;Banate of;;;;;;;;;;;;;;;;;;;;;;;;;;;;
count_serbian;Župan;;;;;;;;;;;;;;;;;;;;;;;;;;;;
duke_serbian;Grand prince;;;;;;;;;;;;;;;;;;;;;;;;;;;;
king_serbian;Kralj;;;;;;;;;;;;;;;;;;;;;;;;;;;;
emperor_serbian;Tsar;;;;;;;;;;;;;;;;;;;;;;;;;;;;
king_bulgarian;Tsar;;;;;;;;;;;;;;;;;;;;;;;;;;;;
temple_duke_norse_pagan;Hofgoði;;;;;;;;;;;;;;;;;;;;;;;;;;;;
temple_duke_female_norse_pagan;Hofgyðja;;;;;;;;;;;;;;;;;;;;;;;;;;;;
count_norse_pagan;Thegn;;;;;;;;;;;;;;;;;;;;;;;;;;;;
count_norse_pagan_female;Thegn;;;;;;;;;;;;;;;;;;;;;;;;;;;;
baron_norse_pagan;Hersir;;;;;;;;;;;;;;;;;;;;;;;;;;;;
baron_norse_pagan_female;Hersir;;;;;;;;;;;;;;;;;;;;;;;;;;;;
temple_king_norse_pagan;Allsherjargoði;;;;;;;;;;;;;;;;;;;;;;;;;;;;
temple_baron_norse_pagan;Gothi;;;;;;;;;;;;;;;;;;;;;;;;;;;;
city_baron_norse_pagan;Alderman;;;;;;;;;;;;;;;;;;;;;;;;;;;;
city_count_norse_pagan;Lawspeaker;;;;;;;;;;;;;;;;;;;;;;;;;;;;
job_spiritual_jewish_group;Chief Rabbi;;;;;;;;;;;;;;;;;;;;;;;;;;;;
temple_baron_jewish_group;Rabbi;;;;;;;;;;;;;;;;;;;;;;;;;;;;
temple_count_jewish_group;Great rabbi;;;;;;;;;;;;;;;;;;;;;;;;;;;;
temple_duke_jewish_group;Malik;;;;;;;;;;;;;;;;;;;;;;;;;;;;
temple_king_jewish_group;King of Kings;;;;;;;;;;;;;;;;;;;;;;;;;;;;
temple_kingdom_of_jewish_group;Great Sanhedrin of;;;;;;;;;;;;;;;;;;;;;;;;;;;;
temple_duchy_of_jewish_group;Lesser Sanhedrin of;;;;;;;;;;;;;;;;;;;;;;;;;;;;
temple_county_of_jewish_group;Beth din of;;;;;;;;;;;;;;;;;;;;;;;;;;;;
temple_barony_of_jewish_group;Synagogue of;;;;;;;;;;;;;;;;;;;;;;;;;;;;
baron_hungarian;Várispán;;;;;;;;;;;;;;;;;;;;;;;;;;;;
baron_female_hungarian;Várispán;;;;;;;;;;;;;;;;;;;;;;;;;;;;
baron_title_ruler_consort_female_hungarian;Várispánné;;;;;;;;;;;;;;;;;;;;;;;;;;;;
count_hungarian;Lord-lieutenant;;;;;;;;;;;;;;;;;;;;;;;;;;;;
count_female_hungarian;Lord-lieutenant;;;;;;;;;;;;;;;;;;;;;;;;;;;;
count_title_ruler_consort_female_hungarian;Föispánné;;;;;;;;;;;;;;;;;;;;;;;;;;;;
duke_hungarian;Duke;;;;;;;;;;;;;;;;;;;;;;;;;;;;
duke_female_hungarian;Princess;;;;;;;;;;;;;;;;;;;;;;;;;;;;
king_hungarian;King;;;;;;;;;;;;;;;;;;;;;;;;;;;;
king_female_hungarian;Queen;;;;;;;;;;;;;;;;;;;;;;;;;;;;
title_prince_hungarian;Prince;;;;;;;;;;;;;;;;;;;;;;;;;;;;
title_prince_female_hungarian;Princess;;;;;;;;;;;;;;;;;;;;;;;;;;;;
city_baron_hungarian;Judge;;;;;;;;;;;;;;;;;;;;;;;;;;;;
city_count_hungarian;Judge;;;;;;;;;;;;;;;;;;;;;;;;;;;;
city_duke_hungarian;Judge;;;;;;;;;;;;;;;;;;;;;;;;;;;;
city_king_hungarian;Judge;;;;;;;;;;;;;;;;;;;;;;;;;;;;
temple_baron_hungarian;Bishop;;;;;;;;;;;;;;;;;;;;;;;;;;;;
temple_count_hungarian;Bishop;;;;;;;;;;;;;;;;;;;;;;;;;;;;
temple_duke_hungarian;Bishop;;;;;;;;;;;;;;;;;;;;;;;;;;;;
temple_king_hungarian;Bishop;;;;;;;;;;;;;;;;;;;;;;;;;;;;
temple_emperor_hungarian;Bishop;;;;;;;;;;;;;;;;;;;;;;;;;;;;
castle_barony_of_hungarian;Estate of;;;;;;;;;;;;;;;;;;;;;;;;;;;;
county_of_hungarian;County of;;;;;;;;;;;;;;;;;;;;;;;;;;;;
duchy_of_hungarian;Duchy of;;;;;;;;;;;;;;;;;;;;;;;;;;;;
kingdom_of_hungarian;Kingdom of;;;;;;;;;;;;;;;;;;;;;;;;;;;;
baron_italian;Baron;;;;;;;;;;;;;;;;;;;;;;;;;;;;
baron_female_italian;Baroness;;;;;;;;;;;;;;;;;;;;;;;;;;;;
count_italian;Count;;;;;;;;;;;;;;;;;;;;;;;;;;;;
count_female_italian;Countess;;;;;;;;;;;;;;;;;;;;;;;;;;;;
duke_italian;Duke;;;;;;;;;;;;;;;;;;;;;;;;;;;;
duke_female_italian;Duchess;;;;;;;;;;;;;;;;;;;;;;;;;;;;
king_italian;King;;;;;;;;;;;;;;;;;;;;;;;;;;;;
king_female_italian;Queen;;;;;;;;;;;;;;;;;;;;;;;;;;;;
emperor_italian;Emperor;;;;;;;;;;;;;;;;;;;;;;;;;;;;
emperor_female_italian;Empress;;;;;;;;;;;;;;;;;;;;;;;;;;;;
title_prince_italian;Prince;;;;;;;;;;;;;;;;;;;;;;;;;;;;
title_prince_female_italian;Princess;;;;;;;;;;;;;;;;;;;;;;;;;;;;
city_baron_italian;Mayor;;;;;;;;;;;;;;;;;;;;;;;;;;;;
city_count_italian;Podestà;;;;;;;;;;;;;;;;;;;;;;;;;;;;
city_duke_italian;Doge;;;;;;;;;;;;;;;;;;;;;;;;;;;;
city_king_italian;Doge;;;;;;;;;;;;;;;;;;;;;;;;;;;;
city_emperor_italian;Doge;;;;;;;;;;;;;;;;;;;;;;;;;;;;
city_barony_of_italian;Comune of;;;;;;;;;;;;;;;;;;;;;;;;;;;;
city_county_of_italian;Comune of;;;;;;;;;;;;;;;;;;;;;;;;;;;;
city_duchy_of_italian;Republic of;;;;;;;;;;;;;;;;;;;;;;;;;;;;
city_kingdom_of_italian;Republic of;;;;;;;;;;;;;;;;;;;;;;;;;;;;
city_empire_of_italian;Republic of;;;;;;;;;;;;;;;;;;;;;;;;;;;;
temple_baron_italian;Bishop of;;;;;;;;;;;;;;;;;;;;;;;;;;;;
temple_count_italian;Bishop of;;;;;;;;;;;;;;;;;;;;;;;;;;;;
temple_barony_of_italian;Diocese of;;;;;;;;;;;;;;;;;;;;;;;;;;;;
temple_county_of_italian;Diocese of;;;;;;;;;;;;;;;;;;;;;;;;;;;;
county_of_italian;County of;;;;;;;;;;;;;;;;;;;;;;;;;;;;
duchy_of_italian;Duchy of;;;;;;;;;;;;;;;;;;;;;;;;;;;;
kingdom_of_italian;Kingdom of;;;;;;;;;;;;;;;;;;;;;;;;;;;;
baron_tuscan;Baron;;;;;;;;;;;;;;;;;;;;;;;;;;;;
baron_female_tuscan;Baroness;;;;;;;;;;;;;;;;;;;;;;;;;;;;
count_tuscan;Count;;;;;;;;;;;;;;;;;;;;;;;;;;;;
count_female_tuscan;Countess;;;;;;;;;;;;;;;;;;;;;;;;;;;;
duke_tuscan;Duke;;;;;;;;;;;;;;;;;;;;;;;;;;;;
duke_female_tuscan;Duchess;;;;;;;;;;;;;;;;;;;;;;;;;;;;
king_tuscan;King;;;;;;;;;;;;;;;;;;;;;;;;;;;;
king_female_tuscan;Queen;;;;;;;;;;;;;;;;;;;;;;;;;;;;
emperor_tuscan;Emperor;;;;;;;;;;;;;;;;;;;;;;;;;;;;
emperor_female_tuscan;Empress;;;;;;;;;;;;;;;;;;;;;;;;;;;;
title_prince_tuscan;Prince;;;;;;;;;;;;;;;;;;;;;;;;;;;;
title_prince_female_tuscan;Princess;;;;;;;;;;;;;;;;;;;;;;;;;;;;
city_baron_tuscan;Mayor;;;;;;;;;;;;;;;;;;;;;;;;;;;;
city_count_tuscan;Podestà;;;;;;;;;;;;;;;;;;;;;;;;;;;;
city_duke_tuscan;Doge;;;;;;;;;;;;;;;;;;;;;;;;;;;;
city_king_tuscan;Doge;;;;;;;;;;;;;;;;;;;;;;;;;;;;
city_emperor_tuscan;Doge;;;;;;;;;;;;;;;;;;;;;;;;;;;;
city_barony_of_tuscan;Comune of;;;;;;;;;;;;;;;;;;;;;;;;;;;;
city_county_of_tuscan;Comune of;;;;;;;;;;;;;;;;;;;;;;;;;;;;
city_duchy_of_tuscan;Republic of;;;;;;;;;;;;;;;;;;;;;;;;;;;;
city_kingdom_of_tuscan;Republic of;;;;;;;;;;;;;;;;;;;;;;;;;;;;
city_empire_of_tuscan;Republic of;;;;;;;;;;;;;;;;;;;;;;;;;;;;
temple_baron_tuscan;Bishop of;;;;;;;;;;;;;;;;;;;;;;;;;;;;
temple_count_tuscan;Bishop of;;;;;;;;;;;;;;;;;;;;;;;;;;;;
temple_barony_of_tuscan;Diocese of;;;;;;;;;;;;;;;;;;;;;;;;;;;;
temple_county_of_tuscan;Diocese of;;;;;;;;;;;;;;;;;;;;;;;;;;;;
county_of_tuscan;County of;;;;;;;;;;;;;;;;;;;;;;;;;;;;
duchy_of_tuscan;Duchy of;;;;;;;;;;;;;;;;;;;;;;;;;;;;
kingdom_of_tuscan;Kingdom of;;;;;;;;;;;;;;;;;;;;;;;;;;;;
baron_venetian;Baron;;;;;;;;;;;;;;;;;;;;;;;;;;;;
baron_female_venetian;Baroness;;;;;;;;;;;;;;;;;;;;;;;;;;;;
count_venetian;Count;;;;;;;;;;;;;;;;;;;;;;;;;;;;
count_female_venetian;Countess;;;;;;;;;;;;;;;;;;;;;;;;;;;;
duke_venetian;Duke;;;;;;;;;;;;;;;;;;;;;;;;;;;;
duke_female_venetian;Duchess;;;;;;;;;;;;;;;;;;;;;;;;;;;;
king_venetian;King;;;;;;;;;;;;;;;;;;;;;;;;;;;;
king_female_venetian;Queen;;;;;;;;;;;;;;;;;;;;;;;;;;;;
emperor_venetian;Emperor;;;;;;;;;;;;;;;;;;;;;;;;;;;;
emperor_female_venetian;Empress;;;;;;;;;;;;;;;;;;;;;;;;;;;;
title_prince_venetian;Prince;;;;;;;;;;;;;;;;;;;;;;;;;;;;
title_prince_female_venetian;Princess;;;;;;;;;;;;;;;;;;;;;;;;;;;;
city_baron_venetian;Mayor;;;;;;;;;;;;;;;;;;;;;;;;;;;;
city_count_venetian;Podestà;;;;;;;;;;;;;;;;;;;;;;;;;;;;
city_duke_venetian;Doge;;;;;;;;;;;;;;;;;;;;;;;;;;;;
city_king_venetian;Doge;;;;;;;;;;;;;;;;;;;;;;;;;;;;
city_emperor_venetian;Doge;;;;;;;;;;;;;;;;;;;;;;;;;;;;
city_barony_of_venetian;Comune of;;;;;;;;;;;;;;;;;;;;;;;;;;;;
city_county_of_venetian;Comune of;;;;;;;;;;;;;;;;;;;;;;;;;;;;
city_duchy_of_venetian;Republic of;;;;;;;;;;;;;;;;;;;;;;;;;;;;
city_kingdom_of_venetian;Republic of;;;;;;;;;;;;;;;;;;;;;;;;;;;;
city_empire_of_venetian;Republic of;;;;;;;;;;;;;;;;;;;;;;;;;;;;
temple_baron_venetian;Bishop of;;;;;;;;;;;;;;;;;;;;;;;;;;;;
temple_count_venetian;Bishop of;;;;;;;;;;;;;;;;;;;;;;;;;;;;
temple_barony_of_venetian;Diocese of;;;;;;;;;;;;;;;;;;;;;;;;;;;;
temple_county_of_venetian;Diocese of;;;;;;;;;;;;;;;;;;;;;;;;;;;;
county_of_venetian;County of;;;;;;;;;;;;;;;;;;;;;;;;;;;;
duchy_of_venetian;Duchy of;;;;;;;;;;;;;;;;;;;;;;;;;;;;
kingdom_of_venetian;Kingdom of;;;;;;;;;;;;;;;;;;;;;;;;;;;;
baron_dalmatian;Baron;;;;;;;;;;;;;;;;;;;;;;;;;;;;
count_dalmatian;Count;;;;;;;;;;;;;;;;;;;;;;;;;;;;
duke_dalmatian;Duke;;;;;;;;;;;;;;;;;;;;;;;;;;;;
king_dalmatian;King;;;;;;;;;;;;;;;;;;;;;;;;;;;;
emperor_dalmatian;Emperor;;;;;;;;;;;;;;;;;;;;;;;;;;;;
city_baron_dalmatian;Mayor;;;;;;;;;;;;;;;;;;;;;;;;;;;;
city_count_dalmatian;Podestà;;;;;;;;;;;;;;;;;;;;;;;;;;;;
city_duke_dalmatian;Rector;;;;;;;;;;;;;;;;;;;;;;;;;;;;
city_king_dalmatian;Rector;;;;;;;;;;;;;;;;;;;;;;;;;;;;
city_emperor_dalmatian;Rector;;;;;;;;;;;;;;;;;;;;;;;;;;;;
city_barony_of_dalmatian;Comune of;;;;;;;;;;;;;;;;;;;;;;;;;;;;
city_county_of_dalmatian;Comune of;;;;;;;;;;;;;;;;;;;;;;;;;;;;
city_duchy_of_dalmatian;Republic of;;;;;;;;;;;;;;;;;;;;;;;;;;;;
city_kingdom_of_dalmatian;Republic of;;;;;;;;;;;;;;;;;;;;;;;;;;;;
city_empire_of_dalmatian;Republic of;;;;;;;;;;;;;;;;;;;;;;;;;;;;
kingdom_of_dalmatian;Kingdom of;;;;;;;;;;;;;;;;;;;;;;;;;;;;
baron_ligurian;Baron;;;;;;;;;;;;;;;;;;;;;;;;;;;;
baron_female_ligurian;Baroness;;;;;;;;;;;;;;;;;;;;;;;;;;;;
count_ligurian;Count;;;;;;;;;;;;;;;;;;;;;;;;;;;;
count_female_ligurian;Countess;;;;;;;;;;;;;;;;;;;;;;;;;;;;
duke_ligurian;Duke;;;;;;;;;;;;;;;;;;;;;;;;;;;;
duke_female_ligurian;Duchess;;;;;;;;;;;;;;;;;;;;;;;;;;;;
king_ligurian;King;;;;;;;;;;;;;;;;;;;;;;;;;;;;
king_female_ligurian;Queen;;;;;;;;;;;;;;;;;;;;;;;;;;;;
emperor_ligurian;Emperor;;;;;;;;;;;;;;;;;;;;;;;;;;;;
emperor_female_ligurian;Empress;;;;;;;;;;;;;;;;;;;;;;;;;;;;
title_prince_ligurian;Prince;;;;;;;;;;;;;;;;;;;;;;;;;;;;
title_prince_female_ligurian;Princess;;;;;;;;;;;;;;;;;;;;;;;;;;;;
city_baron_ligurian;Mayor;;;;;;;;;;;;;;;;;;;;;;;;;;;;
city_count_ligurian;Podestà;;;;;;;;;;;;;;;;;;;;;;;;;;;;
city_duke_ligurian;Doge;;;;;;;;;;;;;;;;;;;;;;;;;;;;
city_king_ligurian;Doge;;;;;;;;;;;;;;;;;;;;;;;;;;;;
city_emperor_ligurian;Doge;;;;;;;;;;;;;;;;;;;;;;;;;;;;
city_barony_of_ligurian;Comune of;;;;;;;;;;;;;;;;;;;;;;;;;;;;
city_county_of_ligurian;Comune of;;;;;;;;;;;;;;;;;;;;;;;;;;;;
city_duchy_of_ligurian;Republic of;;;;;;;;;;;;;;;;;;;;;;;;;;;;
city_kingdom_of_ligurian;Republic of;;;;;;;;;;;;;;;;;;;;;;;;;;;;
city_empire_of_ligurian;Republic of;;;;;;;;;;;;;;;;;;;;;;;;;;;;
temple_baron_ligurian;Bishop of;;;;;;;;;;;;;;;;;;;;;;;;;;;;
temple_count_ligurian;Bishop of;;;;;;;;;;;;;;;;;;;;;;;;;;;;
temple_barony_of_ligurian;Diocese of;;;;;;;;;;;;;;;;;;;;;;;;;;;;
temple_county_of_ligurian;Diocese of;;;;;;;;;;;;;;;;;;;;;;;;;;;;
county_of_ligurian;County of;;;;;;;;;;;;;;;;;;;;;;;;;;;;
duchy_of_ligurian;Duchy of;;;;;;;;;;;;;;;;;;;;;;;;;;;;
kingdom_of_ligurian;Kingdom of;;;;;;;;;;;;;;;;;;;;;;;;;;;;
baron_sardinian;Baron;;;;;;;;;;;;;;;;;;;;;;;;;;;;
baron_female_sardinian;Baroness;;;;;;;;;;;;;;;;;;;;;;;;;;;;
count_sardinian;Count;;;;;;;;;;;;;;;;;;;;;;;;;;;;
count_female_sardinian;Countess;;;;;;;;;;;;;;;;;;;;;;;;;;;;
duke_sardinian;Duke;;;;;;;;;;;;;;;;;;;;;;;;;;;;
duke_female_sardinian;Duchess;;;;;;;;;;;;;;;;;;;;;;;;;;;;
king_sardinian;King;;;;;;;;;;;;;;;;;;;;;;;;;;;;
king_female_sardinian;Queen;;;;;;;;;;;;;;;;;;;;;;;;;;;;
emperor_sardinian;Emperor;;;;;;;;;;;;;;;;;;;;;;;;;;;;
emperor_female_sardinian;Empress;;;;;;;;;;;;;;;;;;;;;;;;;;;;
title_prince_sardinian;Prince;;;;;;;;;;;;;;;;;;;;;;;;;;;;
title_prince_female_sardinian;Princess;;;;;;;;;;;;;;;;;;;;;;;;;;;;
city_baron_sardinian;Mayor;;;;;;;;;;;;;;;;;;;;;;;;;;;;
city_count_sardinian;Podestà;;;;;;;;;;;;;;;;;;;;;;;;;;;;
city_duke_sardinian;Doge;;;;;;;;;;;;;;;;;;;;;;;;;;;;
city_king_sardinian;Doge;;;;;;;;;;;;;;;;;;;;;;;;;;;;
city_emperor_sardinian;Doge;;;;;;;;;;;;;;;;;;;;;;;;;;;;
city_barony_of_sardinian;Comune of;;;;;;;;;;;;;;;;;;;;;;;;;;;;
city_county_of_sardinian;Comune of;;;;;;;;;;;;;;;;;;;;;;;;;;;;
city_duchy_of_sardinian;Republic of;;;;;;;;;;;;;;;;;;;;;;;;;;;;
city_kingdom_of_sardinian;Republic of;;;;;;;;;;;;;;;;;;;;;;;;;;;;
city_empire_of_sardinian;Republic of;;;;;;;;;;;;;;;;;;;;;;;;;;;;
temple_baron_sardinian;Bishop of;;;;;;;;;;;;;;;;;;;;;;;;;;;;
temple_count_sardinian;Bishop of;;;;;;;;;;;;;;;;;;;;;;;;;;;;
temple_barony_of_sardinian;Diocese of;;;;;;;;;;;;;;;;;;;;;;;;;;;;
temple_county_of_sardinian;Diocese of;;;;;;;;;;;;;;;;;;;;;;;;;;;;
county_of_sardinian;County of;;;;;;;;;;;;;;;;;;;;;;;;;;;;
duchy_of_sardinian;Duchy of;;;;;;;;;;;;;;;;;;;;;;;;;;;;
kingdom_of_sardinian;Kingdom of;;;;;;;;;;;;;;;;;;;;;;;;;;;;
baron_corsican;Baron;;;;;;;;;;;;;;;;;;;;;;;;;;;;
baron_female_corsican;Baroness;;;;;;;;;;;;;;;;;;;;;;;;;;;;
count_corsican;Count;;;;;;;;;;;;;;;;;;;;;;;;;;;;
count_female_corsican;Countess;;;;;;;;;;;;;;;;;;;;;;;;;;;;
duke_corsican;Duke;;;;;;;;;;;;;;;;;;;;;;;;;;;;
duke_female_corsican;Duchess;;;;;;;;;;;;;;;;;;;;;;;;;;;;
king_corsican;King;;;;;;;;;;;;;;;;;;;;;;;;;;;;
king_female_corsican;Queen;;;;;;;;;;;;;;;;;;;;;;;;;;;;
emperor_corsican;Emperor;;;;;;;;;;;;;;;;;;;;;;;;;;;;
emperor_female_corsican;Empress;;;;;;;;;;;;;;;;;;;;;;;;;;;;
title_prince_corsican;Prince;;;;;;;;;;;;;;;;;;;;;;;;;;;;
title_prince_female_corsican;Princess;;;;;;;;;;;;;;;;;;;;;;;;;;;;
city_baron_corsican;Mayor;;;;;;;;;;;;;;;;;;;;;;;;;;;;
city_count_corsican;Podestà;;;;;;;;;;;;;;;;;;;;;;;;;;;;
city_duke_corsican;Doge;;;;;;;;;;;;;;;;;;;;;;;;;;;;
city_king_corsican;Doge;;;;;;;;;;;;;;;;;;;;;;;;;;;;
city_emperor_corsican;Doge;;;;;;;;;;;;;;;;;;;;;;;;;;;;
city_barony_of_corsican;Comune of;;;;;;;;;;;;;;;;;;;;;;;;;;;;
city_county_of_corsican;Comune of;;;;;;;;;;;;;;;;;;;;;;;;;;;;
city_duchy_of_corsican;Republic of;;;;;;;;;;;;;;;;;;;;;;;;;;;;
city_kingdom_of_corsican;Republic of;;;;;;;;;;;;;;;;;;;;;;;;;;;;
city_empire_of_corsican;Republic of;;;;;;;;;;;;;;;;;;;;;;;;;;;;
temple_baron_corsican;Bishop of;;;;;;;;;;;;;;;;;;;;;;;;;;;;
temple_count_corsican;Bishop of;;;;;;;;;;;;;;;;;;;;;;;;;;;;
temple_barony_of_corsican;Diocese of;;;;;;;;;;;;;;;;;;;;;;;;;;;;
temple_county_of_corsican;Diocese of;;;;;;;;;;;;;;;;;;;;;;;;;;;;
county_of_corsican;County of;;;;;;;;;;;;;;;;;;;;;;;;;;;;
duchy_of_corsican;Duchy of;;;;;;;;;;;;;;;;;;;;;;;;;;;;
kingdom_of_corsican;Kingdom of;;;;;;;;;;;;;;;;;;;;;;;;;;;;
baron_southern_italian;Baron;;;;;;;;;;;;;;;;;;;;;;;;;;;;
baron_female_southern_italian;Baroness;;;;;;;;;;;;;;;;;;;;;;;;;;;;
count_southern_italian;Count;;;;;;;;;;;;;;;;;;;;;;;;;;;;
count_female_southern_italian;Countess;;;;;;;;;;;;;;;;;;;;;;;;;;;;
duke_southern_italian;Duke;;;;;;;;;;;;;;;;;;;;;;;;;;;;
duke_female_southern_italian;Duchess;;;;;;;;;;;;;;;;;;;;;;;;;;;;
king_southern_italian;King;;;;;;;;;;;;;;;;;;;;;;;;;;;;
king_female_southern_italian;Queen;;;;;;;;;;;;;;;;;;;;;;;;;;;;
emperor_southern_italian;Emperor;;;;;;;;;;;;;;;;;;;;;;;;;;;;
emperor_female_southern_italian;Empress;;;;;;;;;;;;;;;;;;;;;;;;;;;;
title_prince_southern_italian;Prince;;;;;;;;;;;;;;;;;;;;;;;;;;;;
title_prince_female_southern_italian;Princess;;;;;;;;;;;;;;;;;;;;;;;;;;;;
city_baron_southern_italian;Mayor;;;;;;;;;;;;;;;;;;;;;;;;;;;;
city_count_southern_italian;Podestà;;;;;;;;;;;;;;;;;;;;;;;;;;;;
city_duke_southern_italian;Doge;;;;;;;;;;;;;;;;;;;;;;;;;;;;
city_king_southern_italian;Doge;;;;;;;;;;;;;;;;;;;;;;;;;;;;
city_emperor_southern_italian;Doge;;;;;;;;;;;;;;;;;;;;;;;;;;;;
city_barony_of_southern_italian;Comune of;;;;;;;;;;;;;;;;;;;;;;;;;;;;
city_county_of_southern_italian;Comune of;;;;;;;;;;;;;;;;;;;;;;;;;;;;
city_duchy_of_southern_italian;Republic of;;;;;;;;;;;;;;;;;;;;;;;;;;;;
city_kingdom_of_southern_italian;Republic of;;;;;;;;;;;;;;;;;;;;;;;;;;;;
city_empire_of_southern_italian;Republic of;;;;;;;;;;;;;;;;;;;;;;;;;;;;
temple_baron_southern_italian;Bishop of;;;;;;;;;;;;;;;;;;;;;;;;;;;;
temple_count_southern_italian;Bishop of;;;;;;;;;;;;;;;;;;;;;;;;;;;;
temple_barony_of_southern_italian;Diocese of;;;;;;;;;;;;;;;;;;;;;;;;;;;;
temple_county_of_southern_italian;Diocese of;;;;;;;;;;;;;;;;;;;;;;;;;;;;
county_of_southern_italian;County of;;;;;;;;;;;;;;;;;;;;;;;;;;;;
duchy_of_southern_italian;Duchy of;;;;;;;;;;;;;;;;;;;;;;;;;;;;
kingdom_of_southern_italian;Kingdom of;;;;;;;;;;;;;;;;;;;;;;;;;;;;
baron_central_italian;Baron;;;;;;;;;;;;;;;;;;;;;;;;;;;;
baron_female_central_italian;Baroness;;;;;;;;;;;;;;;;;;;;;;;;;;;;
count_central_italian;Count;;;;;;;;;;;;;;;;;;;;;;;;;;;;
count_female_central_italian;Countess;;;;;;;;;;;;;;;;;;;;;;;;;;;;
duke_central_italian;Duke;;;;;;;;;;;;;;;;;;;;;;;;;;;;
duke_female_central_italian;Duchess;;;;;;;;;;;;;;;;;;;;;;;;;;;;
king_central_italian;King;;;;;;;;;;;;;;;;;;;;;;;;;;;;
king_female_central_italian;Queen;;;;;;;;;;;;;;;;;;;;;;;;;;;;
emperor_central_italian;Emperor;;;;;;;;;;;;;;;;;;;;;;;;;;;;
emperor_female_central_italian;Empress;;;;;;;;;;;;;;;;;;;;;;;;;;;;
title_prince_central_italian;Prince;;;;;;;;;;;;;;;;;;;;;;;;;;;;
title_prince_female_central_italian;Princess;;;;;;;;;;;;;;;;;;;;;;;;;;;;
city_baron_central_italian;Mayor;;;;;;;;;;;;;;;;;;;;;;;;;;;;
city_count_central_italian;Podestà;;;;;;;;;;;;;;;;;;;;;;;;;;;;
city_duke_central_italian;Doge;;;;;;;;;;;;;;;;;;;;;;;;;;;;
city_king_central_italian;Doge;;;;;;;;;;;;;;;;;;;;;;;;;;;;
city_emperor_central_italian;Doge;;;;;;;;;;;;;;;;;;;;;;;;;;;;
city_barony_of_central_italian;Comune of;;;;;;;;;;;;;;;;;;;;;;;;;;;;
city_county_of_central_italian;Comune of;;;;;;;;;;;;;;;;;;;;;;;;;;;;
city_duchy_of_central_italian;Republic of;;;;;;;;;;;;;;;;;;;;;;;;;;;;
city_kingdom_of_central_italian;Republic of;;;;;;;;;;;;;;;;;;;;;;;;;;;;
city_empire_of_central_italian;Republic of;;;;;;;;;;;;;;;;;;;;;;;;;;;;
temple_baron_central_italian;Bishop of;;;;;;;;;;;;;;;;;;;;;;;;;;;;
temple_count_central_italian;Bishop of;;;;;;;;;;;;;;;;;;;;;;;;;;;;
temple_barony_of_central_italian;Diocese of;;;;;;;;;;;;;;;;;;;;;;;;;;;;
temple_county_of_central_italian;Diocese of;;;;;;;;;;;;;;;;;;;;;;;;;;;;
county_of_central_italian;County of;;;;;;;;;;;;;;;;;;;;;;;;;;;;
duchy_of_central_italian;Duchy of;;;;;;;;;;;;;;;;;;;;;;;;;;;;
kingdom_of_central_italian;Kingdom of;;;;;;;;;;;;;;;;;;;;;;;;;;;;
baron_sicilian;Baron;;;;;;;;;;;;;;;;;;;;;;;;;;;;
baron_female_sicilian;Baroness;;;;;;;;;;;;;;;;;;;;;;;;;;;;
count_sicilian;Count;;;;;;;;;;;;;;;;;;;;;;;;;;;;
count_female_sicilian;Countess;;;;;;;;;;;;;;;;;;;;;;;;;;;;
duke_sicilian;Duke;;;;;;;;;;;;;;;;;;;;;;;;;;;;
duke_female_sicilian;Duchess;;;;;;;;;;;;;;;;;;;;;;;;;;;;
king_sicilian;King;;;;;;;;;;;;;;;;;;;;;;;;;;;;
king_female_sicilian;Queen;;;;;;;;;;;;;;;;;;;;;;;;;;;;
emperor_sicilian;Emperor;;;;;;;;;;;;;;;;;;;;;;;;;;;;
emperor_female_sicilian;Empress;;;;;;;;;;;;;;;;;;;;;;;;;;;;
title_prince_sicilian;Prince;;;;;;;;;;;;;;;;;;;;;;;;;;;;
title_prince_female_sicilian;Princess;;;;;;;;;;;;;;;;;;;;;;;;;;;;
city_baron_sicilian;Mayor;;;;;;;;;;;;;;;;;;;;;;;;;;;;
city_count_sicilian;Podestà;;;;;;;;;;;;;;;;;;;;;;;;;;;;
city_duke_sicilian;Doge;;;;;;;;;;;;;;;;;;;;;;;;;;;;
city_king_sicilian;Doge;;;;;;;;;;;;;;;;;;;;;;;;;;;;
city_emperor_sicilian;Doge;;;;;;;;;;;;;;;;;;;;;;;;;;;;
city_barony_of_sicilian;Comune of;;;;;;;;;;;;;;;;;;;;;;;;;;;;
city_county_of_sicilian;Comune of;;;;;;;;;;;;;;;;;;;;;;;;;;;;
city_duchy_of_sicilian;Republic of;;;;;;;;;;;;;;;;;;;;;;;;;;;;
city_kingdom_of_sicilian;Republic of;;;;;;;;;;;;;;;;;;;;;;;;;;;;
city_empire_of_sicilian;Republic of;;;;;;;;;;;;;;;;;;;;;;;;;;;;
temple_baron_sicilian;Bishop of;;;;;;;;;;;;;;;;;;;;;;;;;;;;
temple_count_sicilian;Bishop of;;;;;;;;;;;;;;;;;;;;;;;;;;;;
temple_barony_of_sicilian;Diocese of;;;;;;;;;;;;;;;;;;;;;;;;;;;;
temple_county_of_sicilian;Diocese of;;;;;;;;;;;;;;;;;;;;;;;;;;;;
county_of_sicilian;County of;;;;;;;;;;;;;;;;;;;;;;;;;;;;
duchy_of_sicilian;Duchy of;;;;;;;;;;;;;;;;;;;;;;;;;;;;
kingdom_of_sicilian;Kingdom of;;;;;;;;;;;;;;;;;;;;;;;;;;;;
baron_neapolitan;Baron;;;;;;;;;;;;;;;;;;;;;;;;;;;;
baron_female_neapolitan;Baroness;;;;;;;;;;;;;;;;;;;;;;;;;;;;
count_neapolitan;Count;;;;;;;;;;;;;;;;;;;;;;;;;;;;
count_female_neapolitan;Countess;;;;;;;;;;;;;;;;;;;;;;;;;;;;
duke_neapolitan;Duke;;;;;;;;;;;;;;;;;;;;;;;;;;;;
duke_female_neapolitan;Duchess;;;;;;;;;;;;;;;;;;;;;;;;;;;;
king_neapolitan;King;;;;;;;;;;;;;;;;;;;;;;;;;;;;
king_female_neapolitan;Queen;;;;;;;;;;;;;;;;;;;;;;;;;;;;
emperor_neapolitan;Emperor;;;;;;;;;;;;;;;;;;;;;;;;;;;;
emperor_female_neapolitan;Empress;;;;;;;;;;;;;;;;;;;;;;;;;;;;
title_prince_neapolitan;Prince;;;;;;;;;;;;;;;;;;;;;;;;;;;;
title_prince_female_neapolitan;Princess;;;;;;;;;;;;;;;;;;;;;;;;;;;;
city_baron_neapolitan;Mayor;;;;;;;;;;;;;;;;;;;;;;;;;;;;
city_count_neapolitan;Podestà;;;;;;;;;;;;;;;;;;;;;;;;;;;;
city_duke_neapolitan;Doge;;;;;;;;;;;;;;;;;;;;;;;;;;;;
city_king_neapolitan;Doge;;;;;;;;;;;;;;;;;;;;;;;;;;;;
city_emperor_neapolitan;Doge;;;;;;;;;;;;;;;;;;;;;;;;;;;;
city_barony_of_neapolitan;Comune of;;;;;;;;;;;;;;;;;;;;;;;;;;;;
city_county_of_neapolitan;Comune of;;;;;;;;;;;;;;;;;;;;;;;;;;;;
city_duchy_of_neapolitan;Republic of;;;;;;;;;;;;;;;;;;;;;;;;;;;;
city_kingdom_of_neapolitan;Republic of;;;;;;;;;;;;;;;;;;;;;;;;;;;;
city_empire_of_neapolitan;Republic of;;;;;;;;;;;;;;;;;;;;;;;;;;;;
temple_baron_neapolitan;Bishop of;;;;;;;;;;;;;;;;;;;;;;;;;;;;
temple_count_neapolitan;Bishop of;;;;;;;;;;;;;;;;;;;;;;;;;;;;
temple_barony_of_neapolitan;Diocese of;;;;;;;;;;;;;;;;;;;;;;;;;;;;
temple_county_of_neapolitan;Diocese of;;;;;;;;;;;;;;;;;;;;;;;;;;;;
county_of_neapolitan;County of;;;;;;;;;;;;;;;;;;;;;;;;;;;;
duchy_of_neapolitan;Duchy of;;;;;;;;;;;;;;;;;;;;;;;;;;;;
kingdom_of_neapolitan;Kingdom of;;;;;;;;;;;;;;;;;;;;;;;;;;;;
baron_arpitan;Baron;;;;;;;;;;;;;;;;;;;;;;;;;;;;
baron_female_arpitan;Baroness;;;;;;;;;;;;;;;;;;;;;;;;;;;;
count_arpitan;Count;;;;;;;;;;;;;;;;;;;;;;;;;;;;
count_female_arpitan;Countess;;;;;;;;;;;;;;;;;;;;;;;;;;;;
duke_arpitan;Duke;;;;;;;;;;;;;;;;;;;;;;;;;;;;
duke_female_arpitan;Duchess;;;;;;;;;;;;;;;;;;;;;;;;;;;;
king_arpitan;King;;;;;;;;;;;;;;;;;;;;;;;;;;;;
king_female_arpitan;Queen;;;;;;;;;;;;;;;;;;;;;;;;;;;;
emperor_arpitan;Emperor;;;;;;;;;;;;;;;;;;;;;;;;;;;;
emperor_female_arpitan;Empress;;;;;;;;;;;;;;;;;;;;;;;;;;;;
title_prince_arpitan;Prince;;;;;;;;;;;;;;;;;;;;;;;;;;;;
title_prince_female_arpitan;Princess;;;;;;;;;;;;;;;;;;;;;;;;;;;;
city_baron_arpitan;Mayor;;;;;;;;;;;;;;;;;;;;;;;;;;;;
city_count_arpitan;Podestà;;;;;;;;;;;;;;;;;;;;;;;;;;;;
city_duke_arpitan;Doge;;;;;;;;;;;;;;;;;;;;;;;;;;;;
city_king_arpitan;Doge;;;;;;;;;;;;;;;;;;;;;;;;;;;;
city_emperor_arpitan;Doge;;;;;;;;;;;;;;;;;;;;;;;;;;;;
city_barony_of_arpitan;Comune of;;;;;;;;;;;;;;;;;;;;;;;;;;;;
city_county_of_arpitan;Comune of;;;;;;;;;;;;;;;;;;;;;;;;;;;;
city_duchy_of_arpitan;Republic of;;;;;;;;;;;;;;;;;;;;;;;;;;;;
city_kingdom_of_arpitan;Republic of;;;;;;;;;;;;;;;;;;;;;;;;;;;;
city_empire_of_arpitan;Republic of;;;;;;;;;;;;;;;;;;;;;;;;;;;;
temple_baron_arpitan;Bishop of;;;;;;;;;;;;;;;;;;;;;;;;;;;;
temple_count_arpitan;Bishop of;;;;;;;;;;;;;;;;;;;;;;;;;;;;
temple_barony_of_arpitan;Diocese of;;;;;;;;;;;;;;;;;;;;;;;;;;;;
temple_county_of_arpitan;Diocese of;;;;;;;;;;;;;;;;;;;;;;;;;;;;
county_of_arpitan;County of;;;;;;;;;;;;;;;;;;;;;;;;;;;;
duchy_of_arpitan;Duchy of;;;;;;;;;;;;;;;;;;;;;;;;;;;;
kingdom_of_arpitan;Kingdom of;;;;;;;;;;;;;;;;;;;;;;;;;;;;
baron_langobardisch;Baron;;;;;;;;;;;;;;;;;;;;;;;;;;;;
baron_female_langobardisch;Baroness;;;;;;;;;;;;;;;;;;;;;;;;;;;;
count_langobardisch;Count;;;;;;;;;;;;;;;;;;;;;;;;;;;;
count_female_langobardisch;Countess;;;;;;;;;;;;;;;;;;;;;;;;;;;;
duke_langobardisch;Duke;;;;;;;;;;;;;;;;;;;;;;;;;;;;
duke_female_langobardisch;Duchess;;;;;;;;;;;;;;;;;;;;;;;;;;;;
king_langobardisch;King;;;;;;;;;;;;;;;;;;;;;;;;;;;;
king_female_langobardisch;Queen;;;;;;;;;;;;;;;;;;;;;;;;;;;;
emperor_langobardisch;Emperor;;;;;;;;;;;;;;;;;;;;;;;;;;;;
emperor_female_langobardisch;Empress;;;;;;;;;;;;;;;;;;;;;;;;;;;;
title_prince_langobardisch;Prince;;;;;;;;;;;;;;;;;;;;;;;;;;;;
title_prince_female_langobardisch;Princess;;;;;;;;;;;;;;;;;;;;;;;;;;;;
city_baron_langobardisch;Mayor;;;;;;;;;;;;;;;;;;;;;;;;;;;;
city_count_langobardisch;Podestà;;;;;;;;;;;;;;;;;;;;;;;;;;;;
city_duke_langobardisch;Doge;;;;;;;;;;;;;;;;;;;;;;;;;;;;
city_king_langobardisch;Doge;;;;;;;;;;;;;;;;;;;;;;;;;;;;
city_emperor_langobardisch;Doge;;;;;;;;;;;;;;;;;;;;;;;;;;;;
city_barony_of_langobardisch;Comune of;;;;;;;;;;;;;;;;;;;;;;;;;;;;
city_county_of_langobardisch;Comune of;;;;;;;;;;;;;;;;;;;;;;;;;;;;
city_duchy_of_langobardisch;Republic of;;;;;;;;;;;;;;;;;;;;;;;;;;;;
city_kingdom_of_langobardisch;Republic of;;;;;;;;;;;;;;;;;;;;;;;;;;;;
city_empire_of_langobardisch;Republic of;;;;;;;;;;;;;;;;;;;;;;;;;;;;
temple_baron_langobardisch;Bishop of;;;;;;;;;;;;;;;;;;;;;;;;;;;;
temple_count_langobardisch;Bishop of;;;;;;;;;;;;;;;;;;;;;;;;;;;;
temple_barony_of_langobardisch;Diocese of;;;;;;;;;;;;;;;;;;;;;;;;;;;;
temple_county_of_langobardisch;Diocese of;;;;;;;;;;;;;;;;;;;;;;;;;;;;
county_of_langobardisch;County of;;;;;;;;;;;;;;;;;;;;;;;;;;;;
duchy_of_langobardisch;Duchy of;;;;;;;;;;;;;;;;;;;;;;;;;;;;
kingdom_of_langobardisch;Kingdom of;;;;;;;;;;;;;;;;;;;;;;;;;;;;
baron_andalusian_arabic;Wali;;;;;;;;;;;;;;;;;;;;;;;;;;;;
barony_of_andalusian_arabic;Wilayah of;;;;;;;;;;;;;;;;;;;;;;;;;;;;
count_andalusian_arabic;Sheikh;;;;;;;;;;;;;;;;;;;;;;;;;;;;
county_of_andalusian_arabic;Sheikhdom of;;;;;;;;;;;;;;;;;;;;;;;;;;;;
count_female_andalusian_arabic;Shaykhah;;;;;;;;;;;;;;;;;;;;;;;;;;;;
duke_andalusian_arabic;Emir;;;;;;;;;;;;;;;;;;;;;;;;;;;;
duke_female_andalusian_arabic;Emira;;;;;;;;;;;;;;;;;;;;;;;;;;;;
duchy_of_andalusian_arabic;Emirate of;;;;;;;;;;;;;;;;;;;;;;;;;;;;
king_andalusian_arabic;Malik;;;;;;;;;;;;;;;;;;;;;;;;;;;;
king_female_andalusian_arabic;Malikah;;;;;;;;;;;;;;;;;;;;;;;;;;;;
kingdom_of_andalusian_arabic;Malikate of;;;;;;;;;;;;;;;;;;;;;;;;;;;;
emperor_of_andalusian_arabic;Caliph of;;;;;;;;;;;;;;;;;;;;;;;;;;;;
duchy_andalusian_arabic;Emirate;;;;;;;;;;;;;;;;;;;;;;;;;;;;
kingdom_andalusian_arabic;Sultanate;;;;;;;;;;;;;;;;;;;;;;;;;;;;
empire_andalusian_arabic;Caliphate;;;;;;;;;;;;;;;;;;;;;;;;;;;;
county_andalusian_arabic;Wilayah;;;;;;;;;;;;;;;;;;;;;;;;;;;;
city_baron_georgian;Tsikhistavi;;;;;;;;;;;;;;;;;;;;;;;;;;;;
baron_georgian;Tsikhistavi;;;;;;;;;;;;;;;;;;;;;;;;;;;;
count_georgian;Count;;;;;;;;;;;;;;;;;;;;;;;;;;;;
duke_georgian;Duke;;;;;;;;;;;;;;;;;;;;;;;;;;;;
king_georgian;King of Kings;;;;;;;;;;;;;;;;;;;;;;;;;;;;
king_female_georgian;King;;;;;;;;;;;;;;;;;;;;;;;;;;;;
king_title_ruler_consort_georgian;Queen;;;;;;;;;;;;;;;;;;;;;;;;;;;;
baron_armenian;Azat;;;;;;;;;;;;;;;;;;;;;;;;;;;;
count_armenian;Nakharar;;;;;;;;;;;;;;;;;;;;;;;;;;;;
duke_armenian;Prince;;;;;;;;;;;;;;;;;;;;;;;;;;;;
king_armenian;King;;;;;;;;;;;;;;;;;;;;;;;;;;;;
emperor_armenian;Emperor;;;;;;;;;;;;;;;;;;;;;;;;;;;;
emperor_female_armenian;Empress;;;;;;;;;;;;;;;;;;;;;;;;;;;;
baron_norsegaelic;Lord;;;;;;;;;;;;;;;;;;;;;;;;;;;;
baron_female_norsegaelic;Lady;;;;;;;;;;;;;;;;;;;;;;;;;;;;
count_norsegaelic;Earl;;;;;;;;;;;;;;;;;;;;;;;;;;;;
count_female_norsegael;Lady;;;;;;;;;;;;;;;;;;;;;;;;;;;;
duke_norsegaelic;Lord;;;;;;;;;;;;;;;;;;;;;;;;;;;;
duke_female_norsegaelic;Queen;;;;;;;;;;;;;;;;;;;;;;;;;;;;
king_norsegaelic;Lord;;;;;;;;;;;;;;;;;;;;;;;;;;;;
king_female_norsegaelic;Queen;;;;;;;;;;;;;;;;;;;;;;;;;;;;
emperor_norsegaelic;High King;;;;;;;;;;;;;;;;;;;;;;;;;;;;
emperor_female_norsegaelic;High Queen;;;;;;;;;;;;;;;;;;;;;;;;;;;;
emperor_title_ruler_consort_female_norsegaelic;High King;;;;;;;;;;;;;;;;;;;;;;;;;;;;
title_prince_norsegaelic;Flaith;;;;;;;;;;;;;;;;;;;;;;;;;;;;
title_prince_female_norsegaelic;Banfhlaith;;;;;;;;;;;;;;;;;;;;;;;;;;;;
barony_of_norsegaelic;Lordship of;;;;;;;;;;;;;;;;;;;;;;;;;;;;
county_of_norsegaelic;Earldom of;;;;;;;;;;;;;;;;;;;;;;;;;;;;
duchy_of_norsegaelic;Kingdom of;;;;;;;;;;;;;;;;;;;;;;;;;;;;
kingdom_of_norsegaelic;Kingdom of;;;;;;;;;;;;;;;;;;;;;;;;;;;;
empire_of_norsegaelic;High Kingdom of;;;;;;;;;;;;;;;;;;;;;;;;;;;;
baron_roman;Baron;;;;;;;;;;;;;;;;;;;;;;;;;;;;
baron_female_roman;Baroness;;;;;;;;;;;;;;;;;;;;;;;;;;;;
count_roman;Count;;;;;;;;;;;;;;;;;;;;;;;;;;;;
count_female_roman;Countess;;;;;;;;;;;;;;;;;;;;;;;;;;;;
duke_roman;Duke;;;;;;;;;;;;;;;;;;;;;;;;;;;;
duke_female_roman;Duchess;;;;;;;;;;;;;;;;;;;;;;;;;;;;
king_roman;King;;;;;;;;;;;;;;;;;;;;;;;;;;;;
king_female_roman;Queen;;;;;;;;;;;;;;;;;;;;;;;;;;;;
emperor_roman;Emperor;;;;;;;;;;;;;;;;;;;;;;;;;;;;
emperor_female_roman;Empress;;;;;;;;;;;;;;;;;;;;;;;;;;;;
title_prince_roman;Prince;;;;;;;;;;;;;;;;;;;;;;;;;;;;
title_prince_female_roman;Princess;;;;;;;;;;;;;;;;;;;;;;;;;;;;
barony_of_roman;Barony of;;;;;;;;;;;;;;;;;;;;;;;;;;;;
county_of_roman;County of;;;;;;;;;;;;;;;;;;;;;;;;;;;;
duchy_of_roman;Duchy of;;;;;;;;;;;;;;;;;;;;;;;;;;;;
kingdom_of_roman;Kingdom of;;;;;;;;;;;;;;;;;;;;;;;;;;;;
empire_of_roman;Empire of;;;;;;;;;;;;;;;;;;;;;;;;;;;;
city_emperor_catalan;Grand prince;;;;;;;;;;;;;;;;;;;;;;;;;;;;
title_prince_catalan;Infante;;;;;;;;;;;;;;;;;;;;;;;;;;;;
title_prince_female_catalan;Infanta;;;;;;;;;;;;;;;;;;;;;;;;;;;;
city_king_catalan;Syndic;;;;;;;;;;;;;;;;;;;;;;;;;;;;
city_duke_catalan;Minister;;;;;;;;;;;;;;;;;;;;;;;;;;;;
count_catalan;Count;;;;;;;;;;;;;;;;;;;;;;;;;;;;
duke_catalan;Duke;;;;;;;;;;;;;;;;;;;;;;;;;;;;
king_catalan;King;;;;;;;;;;;;;;;;;;;;;;;;;;;;
emperor_catalan;Emperor;;;;;;;;;;;;;;;;;;;;;;;;;;;;
city_count_catalan;Mayor;;;;;;;;;;;;;;;;;;;;;;;;;;;;
baron_catalan;Viscount;;;;;;;;;;;;;;;;;;;;;;;;;;;;
baron_female_catalan;Viscountess;;;;;;;;;;;;;;;;;;;;;;;;;;;;
barony_of_catalan;Viscounty of;;;;;;;;;;;;;;;;;;;;;;;;;;;;
city_baron_catalan;Consul;;;;;;;;;;;;;;;;;;;;;;;;;;;;
temple_emperor_christian_catalan;King-priest;;;;;;;;;;;;;;;;;;;;;;;;;;;;
temple_king_catholic_catalan;Apostolic King;;;;;;;;;;;;;;;;;;;;;;;;;;;;
temple_king_orthodox_catalan;Prince-patriarch;;;;;;;;;;;;;;;;;;;;;;;;;;;;
temple_duke_catholic_catalan;Prince-archbishop;;;;;;;;;;;;;;;;;;;;;;;;;;;;
temple_duke_orthodox_catalan;Prince-primate;;;;;;;;;;;;;;;;;;;;;;;;;;;;
temple_count_catholic_catalan;Prince-bishop;;;;;;;;;;;;;;;;;;;;;;;;;;;;
city_empire_of_catalan;Principality of;;;;;;;;;;;;;;;;;;;;;;;;;;;;
city_kingdom_of_catalan;Generalitat of;;;;;;;;;;;;;;;;;;;;;;;;;;;;
city_duchy_of_catalan;Council of;;;;;;;;;;;;;;;;;;;;;;;;;;;;
city_county_of_catalan;City Council of;;;;;;;;;;;;;;;;;;;;;;;;;;;;
city_barony_of_catalan;Commune of;;;;;;;;;;;;;;;;;;;;;;;;;;;;
count_female_catalan;Countess;;;;;;;;;;;;;;;;;;;;;;;;;;;;
duke_female_catalan;Duchess;;;;;;;;;;;;;;;;;;;;;;;;;;;;
king_female_catalan;Queen;;;;;;;;;;;;;;;;;;;;;;;;;;;;
emperor_female_catalan;Empress;;;;;;;;;;;;;;;;;;;;;;;;;;;;
county_of_catalan;County of;;;;;;;;;;;;;;;;;;;;;;;;;;;;
duchy_of_catalan;Duchy of;;;;;;;;;;;;;;;;;;;;;;;;;;;;
kingdom_of_catalan;Kingdom of;;;;;;;;;;;;;;;;;;;;;;;;;;;;
empire_of_catalan;Empire of;;;;;;;;;;;;;;;;;;;;;;;;;;;;
barony_catalan;Viscounty;;;;;;;;;;;;;;;;;;;;;;;;;;;;
county_catalan;County;;;;;;;;;;;;;;;;;;;;;;;;;;;;
duchy_catalan;Duchy;;;;;;;;;;;;;;;;;;;;;;;;;;;;
kingdom_catalan;Kingdom;;;;;;;;;;;;;;;;;;;;;;;;;;;;
empire_catalan;Empire;;;;;;;;;;;;;;;;;;;;;;;;;;;;
baron_castillan;Don;;;;;;;;;;;;;;;;;;;;;;;;;;;;
baron_female_castillan;Doña;;;;;;;;;;;;;;;;;;;;;;;;;;;;
count_castillan;Count;;;;;;;;;;;;;;;;;;;;;;;;;;;;
count_female_castillan;Countess;;;;;;;;;;;;;;;;;;;;;;;;;;;;
duke_castillan;Duke;;;;;;;;;;;;;;;;;;;;;;;;;;;;
duke_female_castillan;Duchess;;;;;;;;;;;;;;;;;;;;;;;;;;;;
king_castillan;King;;;;;;;;;;;;;;;;;;;;;;;;;;;;
king_female_castillan;Queen;;;;;;;;;;;;;;;;;;;;;;;;;;;;
emperor_castillan;Emperor;;;;;;;;;;;;;;;;;;;;;;;;;;;;
emperor_female_castillan;Empress;;;;;;;;;;;;;;;;;;;;;;;;;;;;
title_prince_castillan;Infante;;;;;;;;;;;;;;;;;;;;;;;;;;;;
title_prince_female_castillan;Infanta;;;;;;;;;;;;;;;;;;;;;;;;;;;;
barony_of_castillan;Lordship of;;;;;;;;;;;;;;;;;;;;;;;;;;;;
county_of_castillan;County of;;;;;;;;;;;;;;;;;;;;;;;;;;;;
duchy_of_castillan;Duchy of;;;;;;;;;;;;;;;;;;;;;;;;;;;;
kingdom_of_castillan;Kingdom of;;;;;;;;;;;;;;;;;;;;;;;;;;;;
empire_of_castillan;Empire of;;;;;;;;;;;;;;;;;;;;;;;;;;;;
barony_castillan;Lordship;;;;;;;;;;;;;;;;;;;;;;;;;;;;
county_castillan;County;;;;;;;;;;;;;;;;;;;;;;;;;;;;
duchy_castillan;Duchy;;;;;;;;;;;;;;;;;;;;;;;;;;;;
kingdom_castillan;Kingdom;;;;;;;;;;;;;;;;;;;;;;;;;;;;
empire_castillan;Empire;;;;;;;;;;;;;;;;;;;;;;;;;;;;
baron_basque;Lord;;;;;;;;;;;;;;;;;;;;;;;;;;;;
baron_female_basque;Lady;;;;;;;;;;;;;;;;;;;;;;;;;;;;
count_basque;Count;;;;;;;;;;;;;;;;;;;;;;;;;;;;
count_female_basque;Countess;;;;;;;;;;;;;;;;;;;;;;;;;;;;
duke_basque;Duke;;;;;;;;;;;;;;;;;;;;;;;;;;;;
duke_female_basque;Duchess;;;;;;;;;;;;;;;;;;;;;;;;;;;;
king_basque;King;;;;;;;;;;;;;;;;;;;;;;;;;;;;
king_female_basque;Queen;;;;;;;;;;;;;;;;;;;;;;;;;;;;
emperor_basque;Emperor;;;;;;;;;;;;;;;;;;;;;;;;;;;;
emperor_female_basque;Empress;;;;;;;;;;;;;;;;;;;;;;;;;;;;
title_prince_basque;Infante;;;;;;;;;;;;;;;;;;;;;;;;;;;;
title_prince_female_basque;Infanta;;;;;;;;;;;;;;;;;;;;;;;;;;;;
county_of_basque;County of;;;;;;;;;;;;;;;;;;;;;;;;;;;;
barony_of_basque;Lordship of;;;;;;;;;;;;;;;;;;;;;;;;;;;;
duchy_of_basque;Duchy of;;;;;;;;;;;;;;;;;;;;;;;;;;;;
kingdom_of_basque;Kingdom of;;;;;;;;;;;;;;;;;;;;;;;;;;;;
empire_of_basque;Empire of;;;;;;;;;;;;;;;;;;;;;;;;;;;;
county_basque;County;;;;;;;;;;;;;;;;;;;;;;;;;;;;
barony_basque;Lordship;;;;;;;;;;;;;;;;;;;;;;;;;;;;
duchy_basque;Duchy;;;;;;;;;;;;;;;;;;;;;;;;;;;;
kingdom_basque;Kingdom;;;;;;;;;;;;;;;;;;;;;;;;;;;;
empire_basque;Empire;;;;;;;;;;;;;;;;;;;;;;;;;;;;
baron_aragonese;Don;;;;;;;;;;;;;;;;;;;;;;;;;;;;
baron_female_aragonese;Doña;;;;;;;;;;;;;;;;;;;;;;;;;;;;
count_aragonese;Count;;;;;;;;;;;;;;;;;;;;;;;;;;;;
count_female_aragonese;Countess;;;;;;;;;;;;;;;;;;;;;;;;;;;;
duke_aragonese;Duke;;;;;;;;;;;;;;;;;;;;;;;;;;;;
duke_female_aragonese;Duchess;;;;;;;;;;;;;;;;;;;;;;;;;;;;
king_aragonese;King;;;;;;;;;;;;;;;;;;;;;;;;;;;;
king_female_aragonese;Queen;;;;;;;;;;;;;;;;;;;;;;;;;;;;
emperor_aragonese;Emperor;;;;;;;;;;;;;;;;;;;;;;;;;;;;
emperor_female_aragonese;Empress;;;;;;;;;;;;;;;;;;;;;;;;;;;;
title_prince_aragonese;Infante;;;;;;;;;;;;;;;;;;;;;;;;;;;;
title_prince_female_aragonese;Infanta;;;;;;;;;;;;;;;;;;;;;;;;;;;;
barony_of_aragonese;Lordship of;;;;;;;;;;;;;;;;;;;;;;;;;;;;
county_of_aragonese;County of;;;;;;;;;;;;;;;;;;;;;;;;;;;;
duchy_of_aragonese;Duchy of;;;;;;;;;;;;;;;;;;;;;;;;;;;;
kingdom_of_aragonese;Kingdom of;;;;;;;;;;;;;;;;;;;;;;;;;;;;
empire_of_aragonese;Empire of;;;;;;;;;;;;;;;;;;;;;;;;;;;;
barony_aragonese;Lordship;;;;;;;;;;;;;;;;;;;;;;;;;;;;
county_aragonese;County;;;;;;;;;;;;;;;;;;;;;;;;;;;;
duchy_aragonese;Duchy;;;;;;;;;;;;;;;;;;;;;;;;;;;;
kingdom_aragonese;Kingdom;;;;;;;;;;;;;;;;;;;;;;;;;;;;
empire_aragonese;Empire;;;;;;;;;;;;;;;;;;;;;;;;;;;;
baron_leonese;Don;;;;;;;;;;;;;;;;;;;;;;;;;;;;
baron_female_leonese;Doña;;;;;;;;;;;;;;;;;;;;;;;;;;;;
count_leonese;Count;;;;;;;;;;;;;;;;;;;;;;;;;;;;
count_female_leonese;Countess;;;;;;;;;;;;;;;;;;;;;;;;;;;;
duke_leonese;Duke;;;;;;;;;;;;;;;;;;;;;;;;;;;;
duke_female_leonese;Duchess;;;;;;;;;;;;;;;;;;;;;;;;;;;;
king_leonese;King;;;;;;;;;;;;;;;;;;;;;;;;;;;;
king_female_leonese;Queen;;;;;;;;;;;;;;;;;;;;;;;;;;;;
emperor_leonese;Emperor;;;;;;;;;;;;;;;;;;;;;;;;;;;;
emperor_female_leonese;Empress;;;;;;;;;;;;;;;;;;;;;;;;;;;;
title_prince_leonese;Infante;;;;;;;;;;;;;;;;;;;;;;;;;;;;
title_prince_female_leonese;Infanta;;;;;;;;;;;;;;;;;;;;;;;;;;;;
barony_of_leonese;Lordship of;;;;;;;;;;;;;;;;;;;;;;;;;;;;
county_of_leonese;County of;;;;;;;;;;;;;;;;;;;;;;;;;;;;
duchy_of_leonese;Duchy of;;;;;;;;;;;;;;;;;;;;;;;;;;;;
kingdom_of_leonese;Kingdom of;;;;;;;;;;;;;;;;;;;;;;;;;;;;
empire_of_leonese;Empire of;;;;;;;;;;;;;;;;;;;;;;;;;;;;
barony_leonese;Lordship;;;;;;;;;;;;;;;;;;;;;;;;;;;;
county_leonese;County;;;;;;;;;;;;;;;;;;;;;;;;;;;;
duchy_leonese;Duchy;;;;;;;;;;;;;;;;;;;;;;;;;;;;
kingdom_leonese;Kingdom;;;;;;;;;;;;;;;;;;;;;;;;;;;;
empire_leonese;Empire;;;;;;;;;;;;;;;;;;;;;;;;;;;;
baron_romanian;Boyar;;;;;;;;;;;;;;;;;;;;;;;;;;;;
barony_of_romanian;Boierie of;;;;;;;;;;;;;;;;;;;;;;;;;;;;
count_romanian;Ban;;;;;;;;;;;;;;;;;;;;;;;;;;;;
count_female_romanian;Ban;;;;;;;;;;;;;;;;;;;;;;;;;;;;
county_of_romanian;Country of;;;;;;;;;;;;;;;;;;;;;;;;;;;;
duke_romanian;Great Ban;;;;;;;;;;;;;;;;;;;;;;;;;;;;
duke_romanian_female;Great Ban;;;;;;;;;;;;;;;;;;;;;;;;;;;;
king_romanian;Domnitor;;;;;;;;;;;;;;;;;;;;;;;;;;;;
emperor_romanian;Emperor;;;;;;;;;;;;;;;;;;;;;;;;;;;;
duke_west_african_pagan;Maghan;;;;;;;;;;;;;;;;;;;;;;;;;;;;
duke_female_west_african_pagan;Maghan;;;;;;;;;;;;;;;;;;;;;;;;;;;;
count_west_african_pagan;Farin;;;;;;;;;;;;;;;;;;;;;;;;;;;;
count_female_west_african_pagan;Farina;;;;;;;;;;;;;;;;;;;;;;;;;;;;
baron_west_african_pagan;Kafi;;;;;;;;;;;;;;;;;;;;;;;;;;;;
baron_female_west_african_pagan;Kafuna;;;;;;;;;;;;;;;;;;;;;;;;;;;;
baron_soninke;Kafi;;;;;;;;;;;;;;;;;;;;;;;;;;;;
baron_female_soninke;Kafuna;;;;;;;;;;;;;;;;;;;;;;;;;;;;
count_soninke;Farin;;;;;;;;;;;;;;;;;;;;;;;;;;;;
count_female_soninke;Farina;;;;;;;;;;;;;;;;;;;;;;;;;;;;
duke_soninke;Maghan;;;;;;;;;;;;;;;;;;;;;;;;;;;;
duke_female_soninke;Maghan;;;;;;;;;;;;;;;;;;;;;;;;;;;;
king_soninke;King;;;;;;;;;;;;;;;;;;;;;;;;;;;;
king_female_soninke;Queen;;;;;;;;;;;;;;;;;;;;;;;;;;;;
emperor_soninke;Mansa;;;;;;;;;;;;;;;;;;;;;;;;;;;;
emperor_female_soninke;Mansa;;;;;;;;;;;;;;;;;;;;;;;;;;;;
title_prince_soninke;Maghan;;;;;;;;;;;;;;;;;;;;;;;;;;;;
title_prince_female_soninke;Maghan;;;;;;;;;;;;;;;;;;;;;;;;;;;;
barony_of_soninke;Kafu of;;;;;;;;;;;;;;;;;;;;;;;;;;;;
county_of_soninke;Farinate of;;;;;;;;;;;;;;;;;;;;;;;;;;;;
duchy_of_soninke;Maghanate of;;;;;;;;;;;;;;;;;;;;;;;;;;;;
kingdom_of_soninke;Kingdom of;;;;;;;;;;;;;;;;;;;;;;;;;;;;
empire_of_soninke;Empire of;;;;;;;;;;;;;;;;;;;;;;;;;;;;
baron_sanhaja;Wali;;;;;;;;;;;;;;;;;;;;;;;;;;;;
count_sanhaja;Sheikh;;;;;;;;;;;;;;;;;;;;;;;;;;;;
count_sanhaja_female;Shaykhah;;;;;;;;;;;;;;;;;;;;;;;;;;;;
barony_of_sanhaja;Wilayah of;;;;;;;;;;;;;;;;;;;;;;;;;;;;
county_of_sanhaja;Sheikhdom of;;;;;;;;;;;;;;;;;;;;;;;;;;;;
duchy_of_sanhaja;Emirate of;;;;;;;;;;;;;;;;;;;;;;;;;;;;
kingdom_of_sanhaja;Sultanate of;;;;;;;;;;;;;;;;;;;;;;;;;;;;
duke_sanhaja;Emir;;;;;;;;;;;;;;;;;;;;;;;;;;;;
duke_female_sanhaja;Emira;;;;;;;;;;;;;;;;;;;;;;;;;;;;
king_sanhaja;Sultan;;;;;;;;;;;;;;;;;;;;;;;;;;;;
king_female_sanhaja;Sultana;;;;;;;;;;;;;;;;;;;;;;;;;;;;
duchy_sanhaja;Emirate;;;;;;;;;;;;;;;;;;;;;;;;;;;;
kingdom_sanhaja;Sultanate;;;;;;;;;;;;;;;;;;;;;;;;;;;;
empire_sanhaja;Caliphate;;;;;;;;;;;;;;;;;;;;;;;;;;;;
county_sanhaja;Sheikhdom;;;;;;;;;;;;;;;;;;;;;;;;;;;;
baron_masmuda;Wali;;;;;;;;;;;;;;;;;;;;;;;;;;;;
count_masmuda;Sheikh;;;;;;;;;;;;;;;;;;;;;;;;;;;;
count_masmuda_female;Shaykhah;;;;;;;;;;;;;;;;;;;;;;;;;;;;
barony_of_masmuda;Wilayah of;;;;;;;;;;;;;;;;;;;;;;;;;;;;
county_of_masmuda;Sheikhdom of;;;;;;;;;;;;;;;;;;;;;;;;;;;;
duchy_of_masmuda;Emirate of;;;;;;;;;;;;;;;;;;;;;;;;;;;;
kingdom_of_masmuda;Sultanate of;;;;;;;;;;;;;;;;;;;;;;;;;;;;
duke_masmuda;Emir;;;;;;;;;;;;;;;;;;;;;;;;;;;;
duke_female_masmuda;Emira;;;;;;;;;;;;;;;;;;;;;;;;;;;;
king_masmuda;Sultan;;;;;;;;;;;;;;;;;;;;;;;;;;;;
king_female_masmuda;Sultana;;;;;;;;;;;;;;;;;;;;;;;;;;;;
duchy_masmuda;Emirate;;;;;;;;;;;;;;;;;;;;;;;;;;;;
kingdom_masmuda;Sultanate;;;;;;;;;;;;;;;;;;;;;;;;;;;;
empire_masmuda;Caliphate;;;;;;;;;;;;;;;;;;;;;;;;;;;;
county_masmuda;Sheikhdom;;;;;;;;;;;;;;;;;;;;;;;;;;;;
baron_zanata;Wali;;;;;;;;;;;;;;;;;;;;;;;;;;;;
count_zanata;Sheikh;;;;;;;;;;;;;;;;;;;;;;;;;;;;
count_zanata_female;Shaykhah;;;;;;;;;;;;;;;;;;;;;;;;;;;;
barony_of_zanata;Wilayah of;;;;;;;;;;;;;;;;;;;;;;;;;;;;
county_of_zanata;Sheikhdom of;;;;;;;;;;;;;;;;;;;;;;;;;;;;
duchy_of_zanata;Emirate of;;;;;;;;;;;;;;;;;;;;;;;;;;;;
kingdom_of_zanata;Sultanate of;;;;;;;;;;;;;;;;;;;;;;;;;;;;
duke_zanata;Emir;;;;;;;;;;;;;;;;;;;;;;;;;;;;
duke_female_zanata;Emira;;;;;;;;;;;;;;;;;;;;;;;;;;;;
king_zanata;Sultan;;;;;;;;;;;;;;;;;;;;;;;;;;;;
king_female_zanata;Sultana;;;;;;;;;;;;;;;;;;;;;;;;;;;;
duchy_zanata;Emirate;;;;;;;;;;;;;;;;;;;;;;;;;;;;
kingdom_zanata;Sultanate;;;;;;;;;;;;;;;;;;;;;;;;;;;;
empire_zanata;Caliphate;;;;;;;;;;;;;;;;;;;;;;;;;;;;
county_zanata;Sheikhdom;;;;;;;;;;;;;;;;;;;;;;;;;;;;
baron_tuareg;Wali;;;;;;;;;;;;;;;;;;;;;;;;;;;;
count_tuareg;Sheikh;;;;;;;;;;;;;;;;;;;;;;;;;;;;
count_tuareg_female;Shaykhah;;;;;;;;;;;;;;;;;;;;;;;;;;;;
barony_of_tuareg;Wilayah of;;;;;;;;;;;;;;;;;;;;;;;;;;;;
county_of_tuareg;Sheikhdom of;;;;;;;;;;;;;;;;;;;;;;;;;;;;
duchy_of_tuareg;Emirate of;;;;;;;;;;;;;;;;;;;;;;;;;;;;
kingdom_of_tuareg;Sultanate of;;;;;;;;;;;;;;;;;;;;;;;;;;;;
duke_tuareg;Emir;;;;;;;;;;;;;;;;;;;;;;;;;;;;
duke_female_tuareg;Emira;;;;;;;;;;;;;;;;;;;;;;;;;;;;
king_tuareg;Sultan;;;;;;;;;;;;;;;;;;;;;;;;;;;;
king_female_tuareg;Sultana;;;;;;;;;;;;;;;;;;;;;;;;;;;;
duchy_tuareg;Emirate;;;;;;;;;;;;;;;;;;;;;;;;;;;;
kingdom_tuareg;Sultanate;;;;;;;;;;;;;;;;;;;;;;;;;;;;
empire_tuareg;Caliphate;;;;;;;;;;;;;;;;;;;;;;;;;;;;
county_tuareg;Sheikhdom;;;;;;;;;;;;;;;;;;;;;;;;;;;;
baron_tagelmust;Wali;;;;;;;;;;;;;;;;;;;;;;;;;;;;
count_tagelmust;Sheikh;;;;;;;;;;;;;;;;;;;;;;;;;;;;
count_tagelmust_female;Shaykhah;;;;;;;;;;;;;;;;;;;;;;;;;;;;
barony_of_tagelmust;Wilayah of;;;;;;;;;;;;;;;;;;;;;;;;;;;;
county_of_tagelmust;Sheikhdom of;;;;;;;;;;;;;;;;;;;;;;;;;;;;
duchy_of_tagelmust;Emirate of;;;;;;;;;;;;;;;;;;;;;;;;;;;;
kingdom_of_tagelmust;Sultanate of;;;;;;;;;;;;;;;;;;;;;;;;;;;;
duke_tagelmust;Emir;;;;;;;;;;;;;;;;;;;;;;;;;;;;
duke_female_tagelmust;Emira;;;;;;;;;;;;;;;;;;;;;;;;;;;;
king_tagelmust;Sultan;;;;;;;;;;;;;;;;;;;;;;;;;;;;
king_female_tagelmust;Sultana;;;;;;;;;;;;;;;;;;;;;;;;;;;;
duchy_tagelmust;Emirate;;;;;;;;;;;;;;;;;;;;;;;;;;;;
kingdom_tagelmust;Sultanate;;;;;;;;;;;;;;;;;;;;;;;;;;;;
empire_tagelmust;Caliphate;;;;;;;;;;;;;;;;;;;;;;;;;;;;
county_tagelmust;Sheikhdom;;;;;;;;;;;;;;;;;;;;;;;;;;;;
count_bohemian;Lord;;;;;;;;;;;;;;;;;;;;;;;;;;;;
count_female_bohemian;Lady;;;;;;;;;;;;;;;;;;;;;;;;;;;;
duke_bohemian;Duke;;;;;;;;;;;;;;;;;;;;;;;;;;;;
duke_female_bohemian;Duchess;;;;;;;;;;;;;;;;;;;;;;;;;;;;
king_bohemian;King;;;;;;;;;;;;;;;;;;;;;;;;;;;;
king_female_bohemian;Queen;;;;;;;;;;;;;;;;;;;;;;;;;;;;
emperor_bohemian;Emperor;;;;;;;;;;;;;;;;;;;;;;;;;;;;
emperor_female_bohemian;Empress;;;;;;;;;;;;;;;;;;;;;;;;;;;;
title_prince_bohemian;Prince;;;;;;;;;;;;;;;;;;;;;;;;;;;;
title_prince_female_bohemian;Princess;;;;;;;;;;;;;;;;;;;;;;;;;;;;
city_baron_bohemian;Burgrave;;;;;;;;;;;;;;;;;;;;;;;;;;;;
city_count_bohemian;Burgomaster;;;;;;;;;;;;;;;;;;;;;;;;;;;;
city_barony_of_bohemian;City of;;;;;;;;;;;;;;;;;;;;;;;;;;;;
city_county_of_bohemian;Free City of;;;;;;;;;;;;;;;;;;;;;;;;;;;;
temple_baron_bohemian;Abbot;;;;;;;;;;;;;;;;;;;;;;;;;;;;
temple_count_catholic_bohemian;Bishop;;;;;;;;;;;;;;;;;;;;;;;;;;;;
temple_duke_catholic_bohemian;Archbishop;;;;;;;;;;;;;;;;;;;;;;;;;;;;
temple_barony_of_catholic_bohemian;Abbey of;;;;;;;;;;;;;;;;;;;;;;;;;;;;
temple_county_of_catholic_bohemian;Bishopric of;;;;;;;;;;;;;;;;;;;;;;;;;;;;
temple_duchy_of_catholic_bohemian;Archbishopric of;;;;;;;;;;;;;;;;;;;;;;;;;;;;
barony_of_bohemian;Castellany of;;;;;;;;;;;;;;;;;;;;;;;;;;;;
county_of_bohemian;Lordship of;;;;;;;;;;;;;;;;;;;;;;;;;;;;
duchy_of_bohemian;Duchy of;;;;;;;;;;;;;;;;;;;;;;;;;;;;
baron_beja;Wali;;;;;;;;;;;;;;;;;;;;;;;;;;;;
count_beja;Sheikh;;;;;;;;;;;;;;;;;;;;;;;;;;;;
count_beja_female;Shaykhah;;;;;;;;;;;;;;;;;;;;;;;;;;;;
barony_of_beja;Wilayah of;;;;;;;;;;;;;;;;;;;;;;;;;;;;
county_of_beja;Sheikhdom of;;;;;;;;;;;;;;;;;;;;;;;;;;;;
duchy_of_beja;Emirate of;;;;;;;;;;;;;;;;;;;;;;;;;;;;
kingdom_of_beja;Sultanate of;;;;;;;;;;;;;;;;;;;;;;;;;;;;
duke_beja;Emir;;;;;;;;;;;;;;;;;;;;;;;;;;;;
duke_female_beja;Emira;;;;;;;;;;;;;;;;;;;;;;;;;;;;
king_beja;Sultan;;;;;;;;;;;;;;;;;;;;;;;;;;;;
king_female_beja;Sultana;;;;;;;;;;;;;;;;;;;;;;;;;;;;
duchy_beja;Emirate;;;;;;;;;;;;;;;;;;;;;;;;;;;;
kingdom_beja;Sultanate;;;;;;;;;;;;;;;;;;;;;;;;;;;;
empire_beja;Caliphate;;;;;;;;;;;;;;;;;;;;;;;;;;;;
county_beja;Sheikhdom;;;;;;;;;;;;;;;;;;;;;;;;;;;;
baron_kanuri;‘Asakir;;;;;;;;;;;;;;;;;;;;;;;;;;;;
count_kanuri;Kayghama;;;;;;;;;;;;;;;;;;;;;;;;;;;;
count_kanuri_female;Kayghamma;;;;;;;;;;;;;;;;;;;;;;;;;;;;
duke_kanuri;Yerima;;;;;;;;;;;;;;;;;;;;;;;;;;;;
duke_female_kanuri;Yerimina;;;;;;;;;;;;;;;;;;;;;;;;;;;;
king_kanuri;Mai;;;;;;;;;;;;;;;;;;;;;;;;;;;;
king_female_kanuri;Gumsu;;;;;;;;;;;;;;;;;;;;;;;;;;;;
prince_kanuri;Shiroma;;;;;;;;;;;;;;;;;;;;;;;;;;;;
baron_hausa;‘Asakir;;;;;;;;;;;;;;;;;;;;;;;;;;;;
count_hausa;Kayghama;;;;;;;;;;;;;;;;;;;;;;;;;;;;
count_hausa_female;Kayghamma;;;;;;;;;;;;;;;;;;;;;;;;;;;;
duke_hausa;Yerima;;;;;;;;;;;;;;;;;;;;;;;;;;;;
duke_female_hausa;Yerimina;;;;;;;;;;;;;;;;;;;;;;;;;;;;
king_hausa;Mai;;;;;;;;;;;;;;;;;;;;;;;;;;;;
king_female_hausa;Gumsu;;;;;;;;;;;;;;;;;;;;;;;;;;;;
prince_hausa;Shiroma;;;;;;;;;;;;;;;;;;;;;;;;;;;;
count_ethiopian;Dejazmach;;;;;;;;;;;;;;;;;;;;;;;;;;;;
count_female_ethiopian;Woyzero;;;;;;;;;;;;;;;;;;;;;;;;;;;;
count_title_ruler_consort_ethiopian;Governor;;;;;;;;;;;;;;;;;;;;;;;;;;;;
duke_ethiopian;Ras;;;;;;;;;;;;;;;;;;;;;;;;;;;;
duke_female_ethiopian;Embelet;;;;;;;;;;;;;;;;;;;;;;;;;;;;
king_ethiopian;Negus;;;;;;;;;;;;;;;;;;;;;;;;;;;;
king_female_ethiopian;Nigist;;;;;;;;;;;;;;;;;;;;;;;;;;;;
king_title_ruler_consort_female_ethiopian;Itege;;;;;;;;;;;;;;;;;;;;;;;;;;;;
emperor_ethiopian;Emperor;;;;;;;;;;;;;;;;;;;;;;;;;;;;
emperor_female_ethiopian;Empress;;;;;;;;;;;;;;;;;;;;;;;;;;;;
title_prince_ethiopian;Le'ul;;;;;;;;;;;;;;;;;;;;;;;;;;;;
title_prince_female_ethiopian;Le'elt;;;;;;;;;;;;;;;;;;;;;;;;;;;;
baron_ethiopian;Fit'awrari;;;;;;;;;;;;;;;;;;;;;;;;;;;;
king_nubian;Kamil;;;;;;;;;;;;;;;;;;;;;;;;;;;;
count_afar;Ugaas;;;;;;;;;;;;;;;;;;;;;;;;;;;;
count_female_afar;Ugaasad;;;;;;;;;;;;;;;;;;;;;;;;;;;;
duke_afar;Gerad;;;;;;;;;;;;;;;;;;;;;;;;;;;;
duke_female_afar;Amiraad;;;;;;;;;;;;;;;;;;;;;;;;;;;;
king_afar;Suldaan;;;;;;;;;;;;;;;;;;;;;;;;;;;;
king_female_afar;Suldaanad;;;;;;;;;;;;;;;;;;;;;;;;;;;;
emperor_afar;Boqor;;;;;;;;;;;;;;;;;;;;;;;;;;;;
emperor_female_afar;Boqorad;;;;;;;;;;;;;;;;;;;;;;;;;;;;
baron_afar;Akil;;;;;;;;;;;;;;;;;;;;;;;;;;;;
count_somali;Ugaas;;;;;;;;;;;;;;;;;;;;;;;;;;;;
count_female_somali;Ugaasad;;;;;;;;;;;;;;;;;;;;;;;;;;;;
duke_somali;Gerad;;;;;;;;;;;;;;;;;;;;;;;;;;;;
duke_female_somali;Amiraad;;;;;;;;;;;;;;;;;;;;;;;;;;;;
king_somali;Suldaan;;;;;;;;;;;;;;;;;;;;;;;;;;;;
king_female_somali;Suldaanad;;;;;;;;;;;;;;;;;;;;;;;;;;;;
emperor_somali;Boqor;;;;;;;;;;;;;;;;;;;;;;;;;;;;
emperor_female_somali;Boqorad;;;;;;;;;;;;;;;;;;;;;;;;;;;;
baron_somali;Akil;;;;;;;;;;;;;;;;;;;;;;;;;;;;
