#CODE   ;SED2    ;SWMH;OTHERSWMH;SED1;VANILLA
#CODE,ENGLISH,FRENCH,GERMAN,,SPANISH,,,,,,,,,;;;;;
########################################,,,,,,,,,,,,,,;;;;;
#New provinces,,,,,,,,,,,,,,;;;;;
########################################,,,,,,,,,,,,,,;;;;;
PROV909 ;White Desert;White Desert;;;Sahara Desert
PROV911 ;Timbuktu;Timbuktu;c_timbuktu;;Timbuktu
PROV912 ;Aoudaghost;Awdaghust;c_aoudaghost;;Aoudaghost
PROV913 ;Ghana   ;Wagadu;c_ghana;;Ghana
PROV914 ;Gao     ;Gao;c_gao;;Gao
PROV915 ;Djenné  ;Djenné;c_djenne;;Djenné
PROV916 ;Taghaza ;Taghaza;c_taghaza;;Taghaza
PROV917 ;Araouane;Arawán;c_araouane;;Araouane
PROV918 ;Sijilmasa;Sijilmasa;c_sijilmasa;;Sijilmasa
PROV919 ;Oualata ;Walata;c_oualata;;Oualata
PROV920 ;Ouadane ;Wadán;c_ouadane;;Ouadane
PROV921 ;Idjil   ;Idjil;c_idjil;;Idjil
PROV922 ;Tadmekka;Tadmekka;c_tadmekka;;Tadmekka
PROV923 ;Adrar Plateau;Adrar Plateau;;;Adrar Plateau
PROV924 ;Western Sahara;Western Sahara;;;Western Sahara
PROV925 ;Manding ;Manding;c_mali;;Mali
PROV926 ;Bambouk ;Bambuk;c_bambuk;;Bambuk
PROV927 ;Zarma   ;Zarma;c_zarma;;Zarma
PROV928 ;Gurma   ;Gurma;c_gurma;;Gurma
PROV929 ;Abruzzo ;Abruzzo;c_aprutium,Interamnion;;Aprutium
PROV930 ;Bar     ;Bar;c_bar;;Bar
PROV931 ;Möre    ;Möre;c_more,Möre;;Möre
PROV932 ;Värend  ;Värend;c_tjust;;Tjust
PROV933 ;Roslavl ;Roslavl;c_roslavl;;Roslavl
PROV934 ;Lahoysk ;Logozsk;c_lepiel;;Lepiel
PROV935 ;Amalfi  ;Amalfi;c_amalfi;;Amalfi
PROV936 ;Hvar    ;Hvar;c_hvar,Lesina,Pharos,Pharina;;Cyclades
PROV937 ;Marsicovetere;Marsico;c_marsico;;Sea of Crete
PROV938 ;Polimlje;Polimlje;c_polimlje;;Coast of Egypt
#PROV939,Phrygía,Phrygía,Phrygía,,Phrygía,,,,,x,,,,;;;;;
PROV940 ;Mosynopolis;Mosynopolis;c_mosynopolis,Gyumyurdzina,Gümülcine;;Sea of Palestine
#PROV941,Amaseia,Amaseia,Amaseia,,Amaseia,,,,,x,,,,;;;;;
PROV942 ;Saarbrücken;Saarbrücken;c_saarbrucken,Saarbrücken,Sarrebruck,Saarbruggen;;Western Aegean Sea
PROV943 ;Knin    ;Knin;c_knin,Tininum;;Näsijärvi
PROV944 ;Brac    ;Brac;c_brac,Bratz,Brazza,Bretia;;Aral Sea
PROV945 ;Ceredigion;Ceredigion;c_ceredigion,Ceredigion,Cardigan;;Levantine Sea
PROV946 ;Carmarthen;Ystrad Tywi;c_ystrad_tywi,Ystrad Tywi,Carmarthen;;Cilician Sea
PROV947 ;Brecknockshire;Brycheiniog;c_brycheiniog,Brycheiniog,Brecknock;;Sea of Marmara
PROV948 ;Hesse   ;Hessen;c_hessen;;Gulf of Varna
PROV949 ;Powys Wenwynwyn;Powys Wenwynwyn;c_powys_wenwynwyn,Powys Wenwynwyn,Powis Wenwynwyn;;Coast of Taurida
PROV950 ;Ellumsyssel;Ellæmsysæl;c_southern_jylland,Süderjütland,Sillende,Sillendi,Sinlendi;;Black Sea
PROV951 ;Schwerin;Schwerin;c_schwerin,Zwierzyn,Zverzín,Zuarin,Zvierzín;;Coast of Kolkhida
PROV952 ;Hanau   ;Hanau;c_frankfurt;;Caspian Sea
PROV953 ;Bentheim;Bentheim;c_bentheim;;Coast of Morocco
PROV954 ;Zeitz   ;Zeitz;c_zeitz;;Strait of Gibraltar
PROV955 ;Augsburg;Augsburg;c_augsburg,Augusta Vindelicum,Augousta Ouendelikon;;Saimaa
PROV956 ;San Marino;San Marino;c_sanmarino;;Kallavesi
PROV957 ;Reggio Emilia;Reggio nell Emilia;c_reggionellemilia,Regium Lepidum,Région Lepidon;;Oulujärvi
PROV958 ;Duino   ;Duino;c_trieste,Tergeste;;Ladoga
PROV959 ;Vodica  ;Vodica;c_vodica;;Mälaren
PROV960 ;Lauffen ;Lauffen;c_lauffen;;Faroya
PROV961 ;Branicevo;Branicevo;c_branicevo,Viminacion,Viminacium,Alaga Hisar;;Hjälmaren
PROV962 ;Braslaw ;Braslaw;c_braslaw;;Vättern
PROV963 ;Jersika ;Jersika;c_jeriska;;Vänern
PROV964 ;Richmond;Richmond;c_richmond,Ghellinges;;White Sea
PROV965 ;Travunija;Travunija;c_travunija,Terbounia,Trebigne,Trebing;;Strait of Dover
PROV966 ;Vorotynsk;Vorotynsk;c_vorotynsk;;The Solent
PROV967 ;Ibiza   ;Eivissa;c_eivissa,Yebisah,Eivissa,Ibiza,Ibiça,Ibice;;Land's End
PROV968 ;Saône   ;Saone;c_saone,al-Ladiqiya,Laodikeia;;St. George's Channel
#PROV969,Sision,Sision,Sision,,Sision,,,,,x,,,,;;;;;
PROV970 ;Comburg-Rothenburg;Comburg-Röthenburg;c_comburg;;Cabo de Finisterre
#PROV971,Philadelpheia,Philadelpheia,Philadelpheia,,Philadelpheia,,,,,x,,,,;;;;;
PROV972 ;Pitten  ;Pitten;c_pitten;;Kara-Bogaz Gol
PROV973 ;Berks   ;Bearroc;c_berks;;Waddenzee
PROV974 ;Buckingham;Buckingham;c_bucks,Buccingaham;;Bay of Biscay
PROV975 ;Meath   ;Mide;c_mide,Mide,Mee,Miðr;;Donegal Bay
PROV976 ;Roscommon;Roscommon;c_roscommon,Ros Comáin;;Sea of Canarias
PROV977 ;Waldburg;Waldburg;c_waldburg;;Bretagne Coast
PROV978 ;Merseburg;Merseburg;c_merseburg;;Atlantic
PROV979 ;Deltuva ;Deltuva;c_deltuva,Dziewaltów,Dievaltov,Diaveltva,Dewilto;;Tiveriade Lake
PROV980 ;Everstein;Everstein;c_everstein;;Portugal Coast
PROV981 ;Ansbach ;Ansbach;c_ansbach;;Golfo de Cadiz
PROV982 ;Prignitz;Prignitz;c_prignitz;;Coast of Iceland
PROV983 ;Isle of Ely;Isle of Ely;c_ely,Élig;;Dead Sea
PROV984 ;Järva   ;Järva;c_jarva,Jerwia,Järva,Jerwen;;North Atlantic
PROV985 ;Selonia ;Sèlija;c_selija,Sèlija,Sëla,Selonia,Selen;;North Atlantic
PROV986 ;Metsepole;Metsepole;c_metsepole;;North Sea
PROV987 ;Lääne   ;Rotalia;c_laanemaa,Wiek,Läänemaa;;North Sea
PROV988 ;Atzele  ;Atzele;c_atzele,Atzele,Atsele,Ocela,Adsel;;North Sea
PROV989 ;Trakai  ;Trakai;c_trakai,Troki,Trokaj,Traken;;North Sea
PROV990 ;Dzukija ;Dzùkija;c_lida,Lida;;Sea of Shetland
PROV991 ;Chelm   ;Chelm;c_chelm;;Bantry Bay
PROV992 ;Upyte   ;Upytë;c_upyte,Upita;;The Minch
PROV993 ;Belz    ;Belz;c_belz;;Moray Firth
PROV994 ;Drutsk  ;Druck;c_druck;;Firth of Forth
PROV995 ;Gomel   ;Gomel;c_gomel;;Dogger bank
PROV996 ;Lublin  ;Lublin;c_lublin;;The Wash
PROV997 ;Nalšia  ;Nalshia;c_utena,Nal'šany,Nalsen;;Onega
PROV998 ;Vogtland;Voigtland;c_voigtland;;North Sea
PROV999 ;Legnica ;Legnica;c_legnica,Liegnitz;;The Sound
PROV1000;Syrmia  ;Szerém;c_syrmia,Syrmia,Sriem,Syrmien,Bolgyán,Sirem;;Gulf of Heligoland
PROV1001;Tropolje;Zavrsje;c_zavrsje,Delminium,Delminithós;;Kattegat
PROV1002;Donji Kraji;Donji Kraji;c_donjikraji;;Gulf of Danzig
PROV1003;Pomorje ;Primorje;c_primorje,Càttaro,Acruvium,Askrivion,Kotur;;Bight of Hanö
PROV1004;Požega  ;Požega;c_pozega,Incerum;;Baltic Sea
PROV1005;Zarand  ;Zaránd;c_zarand,Zarand;;Sea of Åland
PROV1006;Krassó  ;Krassó;c_krasso,Karaševo,Carashova,Adakale;;Gulf of Finland
PROV1007;Königssondergau;Königssondergau;c_konigssondergau;;Gulf of Bothnia
PROV1008;Zweibrücken;Zweibrücken;c_zweibrucken,Tweebruggen,Zweibrücken,Deux Ponts;;Gulf of Bothnia
PROV1009;Mark    ;Mark;c_mark;;Baie de la Seine
PROV1010;Sunnmøre;Sunnmœri;c_sunmore;;Îles de la Manche
PROV1011;Arbanon ;Arbër;c_arbanon,Arbanon,Arbër,Arvanid;;Mauretanian Coast
PROV1012;Hvosno  ;Hvosno;c_prizren,Petrizen,Prizreni,Pürzeyn;;Peipus
PROV1013;Vlorë   ;Aulona;c_valona,Valona,Vlorë,Avlonya;;Lori
#PROV1014,Kérkyra,Kérkyra,Kérkyra,,Kérkyra,,,,,x,,,,;;;;;
PROV1015;Skopje  ;Skopje;c_skopje,Skopia,Shkupi,Üsküp,Parleap;;Northern Bay of Biscay
PROV1016;Traianoupoli;Traianopolis;c_traianopolis,Dimotika,Demotika;;Celtic Sea
PROV1017;Veluwe  ;Veluwe;c_arnhem;;Western Cyclades
PROV1018;Vianden ;Vianden;c_vianden;;Päijänne
PROV1019;Brussels;Brussel;c_brussel,Brüssel,Bruxelles,Broekzele;;Irish Sea
PROV1020;Schaumburg;Schaumburg;c_schaumburg;;Western Mediterranean
PROV1021;Arlon   ;Arlon;c_arlon,Arel,Aarlen;;Golfo de Valencia
PROV1022;Valenciennes;Valenciennes;c_valenciennes,Valencijn;;Islas Baleares
PROV1023;Orkdalen;Orkdœlafylki;c_orkanger;;Ponant
PROV1024;Cambrai ;Cambrai;c_cambrai,Kamerijk,Kamerich;;Mediterranean Sea
PROV1025;Rendsburg;Reynoldsburgh;c_reinholdsburg;;Golfe du Lion
PROV1026;Aachen  ;Aachen;c_aachen,Aken,Aix-la-Chapelle;;Lake Léman
PROV1027;West Zealand;Væstær Syaland;c_western_sjaelland;;Côte d'Azur
PROV1028;Pont-à-Mousson;Pont-á-Mousson;c_pontamousson;;Ligurian Sea
PROV1029;Teck    ;Teck;c_teck;;Tyrrhenian Sea
PROV1030;Eberstein;Eberstein;c_eberstein;;Coast of Sardegna
PROV1031;Zollern ;Zollern;c_hohenzollern;;Golfo di Napoli
PROV1032;Oettingen;Öettingen;c_oettingen;;Strait di Messina
PROV1033;Leuchtenberg;Leuchtenberg;c_leuchenberg;;Golfe de Hammamet
PROV1034;Helfenstein;Helfenstein;c_helfenstein;;Malta Channel
PROV1035;Hohenlohe;Hohenloe;c_hohenloe;;Gulf of Sidra
PROV1036;Montbéliard;Montbéliard;c_montbeliard;;Golfo di Taranto
PROV1037;Basel   ;Basel;c_basel,Basilia,Basileia;;Ionian Sea
PROV1038;Gruyére ;Gruyére;c_cheese;;Strait of Otranto
PROV1039;Amous   ;Amous;c_amous;;Loire
PROV1040;Chablais;Chablais;c_chablais;;Loire
PROV1041;Aosta   ;Aosta;c_aosta,Augusta Praetoria,Augousta Praitopia;;Seine
PROV1042;Bresse  ;Bresse;c_bugey;;Seine
PROV1043;Lolland ;Laland;c_lolland;;Rhine
PROV1044;Varais  ;Varais;c_varais;;Rhine
PROV1045;Portois ;Portois;c_portois;;Rhine
PROV1046;Novara  ;Novara;c_novara,Novaria;;Elbe
PROV1047;Arles   ;Arle;c_arles,Arelate;;Elbe
PROV1048;Grésivaudan;Graisivaudan;c_graisivaudan,Gratianopolis;;Elbe
PROV1049;Gap     ;Gapençais;c_gapencais,Vappincum;;Elbe
PROV1050;North Region;Norðurland;c_nordisland;;Elbe
PROV1051;Vendsyssel;Wændlesysæl;c_northern_jylland,Vendill;;Vistula
PROV1052;Hardsyssel;Harthæsysæl;c_western_jylland;;Vistula
PROV1053;Dannenberg;Dannenberg;c_dannenberg;;Vistula
PROV1054;Henneberg;Henneberg;c_henneberg;;Vistula
PROV1055;Pultusk ;Pultusk;c_pultusk;;Vistula
PROV1056;Namur   ;Namur;c_namur,Namür,Namen;;Dniester
PROV1057;Limburg ;Limburg;c_limburg;;Dniester
PROV1058;Zutphen ;Zutphen;c_zutphen,Zutfent,Sutfen;;Danube
PROV1059;Overijssel;Oversticht;c_oversticht,Oaversticht;;Danube
PROV1060;La Roche-en-Ardenne;La Roche;c_laroche;;Danube
PROV1061;Chiny   ;Chiny;c_chiny;;Danube
PROV1062;Sponheim;Sponheim;c_sponheim,Spanheim;;Northern Caspian Sea
PROV1063;Berg    ;Berg;c_berg;;Danube
PROV1064;Lower Lusatia;Niederlausitz;c_niederlausitz;;Southern Caspian Sea
PROV1065;Dithmarschen;Dithmarschen;c_dithmarschen,Thetmærsch;;Danube
PROV1066;Wagria  ;Wagrien;c_wargrien;;Danube
PROV1067;Fjordane;Firðafylki;c_foerde;;Danube
PROV1068;Riga    ;Rìga;c_toreida,Toreida,Turaida,Thoreveda;;Danube
PROV1069;Nicosia ;Nikosia;c_nicosia,Lefkosa,Nigosia,Nicosie,Nicosia;;Danube
#PROV1070,Vithynion,Vithynion,Vithynion,,Vithynion,,,,,x,,,,;;;;;
PROV1071;Skara   ;Skara;c_skara;;Dnieper
PROV1072;Fjärdhundraland;Fjädrundaland;c_fjadrundaland;;Dnieper
PROV1073;Attundaland;Attundaland;c_attundaland;;Desna
PROV1074;Magdeburg;Magdeburg;c_magdeburg;;Desna
PROV1075;Wittenberg;Wittenberg;c_wittenberg;;Desna
PROV1076;Blankenburg;Blankenburg;c_blankenburg;;Dnieper
PROV1077;Brehna  ;Brehna;c_brehna;;Dnieper
PROV1078;Schwarzburg;Schwartzburg;c_schwartzburg;;Dnieper
PROV1079;Tecklenburg;Tecklenburg;c_tecklenburg;;Pripyat
PROV1080;Lori    ;Lori;c_lori,Tašir,Lore;;Daugava
PROV1081;Samegrelo;Odishi;c_odishi;;Daugava
PROV1082;Hereti  ;Hereti;c_hereti;;Dwina
PROV1083;Baghk   ;Baghk;c_baghk,Kafan;;Neva
PROV1084;Utik    ;Utik;c_utik,Utiq;;Svir
PROV1085;Artsakh ;Artsakh;c_artsakh,Khachen,Artsah;;Volkhov
PROV1086;Sadzen  ;Jiket'i;c_jiqeti;;Lake Ilmen
PROV1087;Klarjeti;Klarjeti;c_klarjeti;;Lovat
PROV1088;Vanand  ;Vanand;c_vanand,Karse,Karsi,Qârs,Qars,Qers;;Don
PROV1089;Simsir  ;Simsir;c_simsir;;Don
PROV1090;Tusheti ;Tusheti;c_tusheti;;Don
PROV1091;Racha   ;Racha;c_racha;;Don
PROV1092;Arran   ;Arran;c_arran;;Volga
PROV1093;Corduene;Corduene;c_corduene,Kiphas,Jazîrat ibn 'Umar,Hasankeyf,Heskîf,Harsenkev;;Volga
PROV1094;Nor Shirakan;Persarmenia;c_persarmenia;;Volga
PROV1095;Goght’n ;Goghtn;c_goghtn,Naxouana,Našawa;;Volga
PROV1096;Sarir   ;Sarir;c_sarir;;Volga
PROV1097;Sophene ;Dzopk;c_dzopk,Mesopotamias,Harput,Hisn Ziyad,Xarpet;;Volga
PROV1098;Lauenburg;Lauenburg;c_lauenburg;;Volga
PROV1099;Gudbrandsdalen;Guðbrandzdalar;c_gudbrandzdalar;;Volga
PROV1100;Romerike;Raumríkí;c_raumrike;;Volga
PROV1101;Terra di Comune;Terra di Comune;c_terradicomune;;Volga
PROV1102;Cap Corse;Capo di Corse;c_corse;;Oka
PROV1103;Gallura ;Gallura;c_gallura;;Volga
PROV1104;Logudoro;Logudoro;c_logudoro;;Oka
PROV1105;Gaeta   ;Gaeta;c_gaeta,Caieta,Kaiete;;Volga
PROV1106;Alife   ;Alife;c_alife,Allifae,Alliphai;;Volga
PROV1107;Aversa  ;Aversa;c_aversa,Kumai;;Garonne
PROV1108;Larino  ;Larino;c_larino,Larinum,Larinon;;Garonne
PROV1109;Chieti  ;Teate;c_chieti,Aternum,Thegeàte;;Adriatic Sea
PROV1110;Gravina in Puglia;Gravina;c_gravina,Silvium,Sìlbion;;Gulf of Venice
PROV1111;Andria  ;Andria;c_andria;;Aegean Sea
PROV1112;Molise  ;Molise;c_molise;;Madurai
PROV1113;Manoppello;Manopello;c_manopello;;Chagai
PROV1114;Alvito  ;Alvito;c_alvito;;Mahoyadapuram
PROV1115;Arezzo  ;Arezzo;c_arezzo,Arretium,Arretion;;Cholamandalam
PROV1116;Fermo   ;Fermo;c_fermo,Firmum,Firmon;;Tenkasi
PROV1117;Camerino;Camerino;c_camerino,Camerinum,Kamarinon;;Qalqut
PROV1118;Nerola  ;Nerola;c_nerola;;Manyapura
PROV1119;Tusculum;Tusculum;c_tusculum,Touskoulon;;Kanchipuram
PROV1120;Malaspina;Malaspina;c_malaspina,Luna,Louna;;Tagadur
PROV1121;Montefeltro;Montefeltro;c_montefeltro;;Uchangidurga
PROV1122;Frignano;Frignano;c_frignano;;Udayagiri
PROV1123;Forli   ;Forli;c_forli,Forum Livii,Phoron Livii;;Vengipura
PROV1124;Piacenza;Piacenza;c_piacenza,Placentia,Plakentia;;Honnore
PROV1125;Bergamo ;Bergamo;c_bergamo,Bergomum,Bergomon;;Thana
PROV1126;Modica  ;Muòrica;c_modica;;Daman
PROV1127;Macva   ;Macva;c_macva,Capedounon,Matschva,Macsó;;Navasarika
PROV1128;Viterbo ;Viterbo;c_viterbo;;Vizagipatam
PROV1129;Finale  ;Finale;c_finale,Album Ingaunum,Albingaunon;;Kataka
PROV1130;Ivrea   ;Ivrea;c_ivrea,Eporedia;;Mandavyapura
PROV1131;Vicenza ;Vicenza;c_bassano,Vicetia,Ouïketía;;Karmanta
PROV1132;Celano  ;Celano;c_celano,Caelanum;;Kirghiz
PROV1133;Rimini  ;Rimini;c_rimini,Ariminum,Ariminon;;Vadodara
PROV1134;Enna    ;Castru Jani;c_enna;;Bhumilka
PROV1135;Conversano;Conversano;c_conversano,Hyria;;Valabhi
PROV1136;Catanzaro;Catanzaro;c_catanzaro,Croton,Kroton;;Dvaraka
PROV1137;Poppi   ;Guidi;c_guidi,Pistoria;;Mansura
PROV1138;Volterra;Volterra;c_volterra,Volaterrae,Ouolaterrai;;Bhakkar
PROV1139;Novellara;Novellara;c_novellara;;Makran
PROV1140;Bobbio  ;Bobbio;c_bobbio,Bobium,Bobion;;Banavasi
PROV1141;Ventimiglia;Ventimiglia;c_ventimiglia,Albium Intemelium,Albion Intemelion;;Kol
PROV1142;Como    ;Como;c_como,Comum,Komon;;Pratishthana
PROV1143;Rovigo  ;Rovigo;c_rovigo,Ateste;;Kalyani
PROV1144;Eastern Scania;Østær Skane;c_eastern_skane,Wetlandi;;Kollipake
PROV1145;Perugia ;Perugia;c_perugia,Perusia,Perousia;;Devagiri
PROV1146;Iasi    ;Iasi;c_iasi,Yas,Jassenmarkt,Broutos,Jászvásár,Yassy,Jaši,Yaš;;Naldurg
PROV1147;Bacau   ;Bacau;c_bacau,Baka,Barchau,Bákó,Bakova;;Mandapika
PROV1148;Târgu Jiu;Targu Jiu;c_targujiu,Zsilvásárhely;;Dasapura
PROV1149;Buzau   ;Buzau;c_buzau;;Dhara
PROV1150;Bars    ;Bars;c_bars,Bars,Tekov;;Sarangpur
PROV1151;Komárom ;Komarom;c_komarom,Komárno,Brigetio;;Laksmanavati
PROV1152;Békés   ;Békés;c_bekes,Bekesch,Bischish,Békéš;;Mudgagiri
PROV1153;Zemplén ;Zemplén;c_zemplen,Zemplín,Semplin;;Kotivarsa
PROV1154;Szepes  ;Szepes;c_szepes,Spiš,Spisz,Zips;;Magadha
PROV1155;Hont    ;Hont;c_hont;;Sripuri
PROV1156;Velay   ;Velay;c_velay;;Kodalaka Mandala
PROV1157;Comminges;Comminges;c_comminges;;Balkonda
PROV1158;Murat   ;Murat;c_murat;;Bidar
PROV1159;Auxois  ;Auxois;c_auxois;;Ramagiri
PROV1160;Sancerre;Sancerre;c_sancerre;;Rayapura
PROV1161;Ventadour;Ventadour;c_ventadour;;Kasmira
PROV1162;Rethel  ;Réthel;c_rethel;;Kusinagara
PROV1163;Perche  ;Perche;c_perche;;Varanasi
PROV1164;Tonnerre;Tonnerre;c_tonnerre;;Chauragarh
PROV1165;Langres ;Langres;c_langres;;Bandhugadha
PROV1166;Meaux   ;Meaux;c_brie,Iatinum,Iatinon;;Jaunpur
PROV1167;Albi    ;Albi;c_albi;;Lakhnau
PROV1168;Béziers ;Béziers;c_beziers,Baeterrae,Baitarra;;Katehar
PROV1169;Beauvais;Beauvais;c_beauvais,Caesaromagus,Kaisaromagos;;Kalpi
PROV1170;Ponthieu;Ponthieu;c_ponthieu;;Vidisa
PROV1171;Alençon ;Alençon;c_alencon;;Kalanjara
PROV1172;Bayeux  ;Bayeux;c_bayeux,Baiocassium,Baiocassion;;Gwalior
PROV1173;Cherbourg;Cherbourg;c_coustance,Constantia,Konstantia;;Sambhal
PROV1174;Dreux   ;Dreux;c_dreux;;Godwad
PROV1175;Porhoët ;Porhoët;c_porhoet;;Aror
PROV1176;Valois  ;Valois;c_valois;;Medantaka
PROV1177;French Vexin;Vexin Français;c_southvexin;;Kundina
PROV1178;Tournai ;Doornik;c_tournai,Doornik,Turnacum;;Karur
PROV1179;Lille   ;Rijsel;c_lille,Rijsel;;Sakala
PROV1180;Saint-Pol;Saint- Pol;c_saintpol,Ternas;;Udabhanda
PROV1181;Porcien ;Porcien;c_porcien;;Oshrusana
PROV1182;Uthlande;Utland;c_north_frisia,Außenlande,Uthlande;;Ghazna
PROV1183;Anglesey;Ynys Môn;c_anglesey,Ynys Mon,Anglesea;;Bost
PROV1184;Rüstringen;Rüstringen;c_rustringen,Rjustringen,Rustringen;;Kalat
PROV1185;Vertus  ;Vertus;c_vertus;;Kabul
PROV1186;Châteaudun;Chateaudun;c_chateaudun;;Chach
PROV1187;Bigorre ;Bigorre;c_bigorre;;Kunduz
PROV1188;Quercy  ;Quercy;c_quercy;;Khuttal
PROV1189;Gâtinais;Gâtinais;c_gatinas;;Bamian
PROV1190;Lugo    ;Lugo;c_lugo,Luq;;Gurjaratra
PROV1191;Lemos   ;Lemos;c_lemos,Lyimus;;Bannu
PROV1192;Jaén    ;Jaén;c_jaen,Yayyan,Chaén,Xaén,Xaém,Jaen,Aurgi;;Bhera
PROV1193;Toro    ;Toro;c_toro,Turu;;Trigarta
PROV1194;Ciudad Rodrigo;Ciudad Rodrigo;c_ciudad_rodrigo,Madina Ludhriq,Ciarrodrigu,Ciutat Roderic,Cité Rodrigue,Cidade Rodrigo,Cidade Rui,Errodeika-Hiri,Ciudat Roderic;;Nagadipa
PROV1195;Tomar   ;Tomar;c_thomar,Tummar;;Pihiti
PROV1196;Palencia;Palencia;c_palencia,Belansiya,Palentzia,Palència,Palência,Palence;;Srirangapatna
PROV1197;Medina del Campo;Medina del Campo;c_medina_del_campo,Madina al-Marje,Medina Zelaia,Medina del Camp,Medina'l Campu,Medina d'o Campo,Medina do Campo,Almedina do Campo,Médine du Champ;;Dwarasamudra
PROV1198;Ávila   ;Ávila;c_avila,Abbila,Abila,Àvila,Obila;;Vatapi
PROV1199;Segovia ;Segovia;c_segovia,Siqubiyyah,Segobia,Segòvia,Segóvia,Ségovie,Segovia,Segoubia;;Penugonda
PROV1200;Setúbal ;Setúbal;c_setubal,Xetubre,Setubal,Caetobriga,Kaitobrie;;Kanara
PROV1201;Guadalajara;Guadalajara;c_guadalajara,Wad al-Hiyara,Guadalachara,Guadalaxara,Guadalaiara;;Kongu
PROV1202;Álava   ;Álava;c_alava,Alabba,Araba,Alava,Àlaba;;Kudalasangama
PROV1203;Gipuzkoa;Guipúzcoa;c_guipuzcoa,Ybbusqa,Gipuzkoa,Guipuzcua,Guipuscoa,Guipúscoa;;Idatarainadu
PROV1204;Tudela  ;Tudela;c_tudela,al-Tutili,Tutera,Tudèle;;Nellore
PROV1205;Sobrarbe;Sobrarbe;c_sobrarbe,Subrarb,Sobrarb;;Narim
PROV1206;Ribagorza;Ribagorza;c_ribagorza,Ribbagursa,Ribagorça,Ribagorce;;Taradavadi
PROV1207;Huesca  ;Huesca;c_huesca,Wasqa,Uesca,Osca,Oska,Güesca,Osque;;Amaravati
PROV1208;Teruel  ;Teruel;c_teruel,Tirwal;;Kambampet
PROV1209;Caspe   ;Caspe;c_caspe,Qasp,Casp;;Racakonda
PROV1210;Girona  ;Girona;c_girona,Yiruna,Chirona,Girona,Gérone,Gerona,Gerunda,Xirona,Xerona,Gerounda;;Manyakheta
PROV1211;Beja    ;Beja;c_beja,al-Bajah az-Zayt,Pax Iulia,Pax Ioulia;;Pannagallu
PROV1212;Braga   ;Braga;c_braga,Bragarah,Brague,Bracara Augusta,Braikar Augousta;;Lattalura
PROV1213;Viseu   ;Viseu;c_viseu,Buza,Biseu;;Kondana
PROV1214;Trancoso;Trancoso;c_trancoso,Tranqusu,Trankoso,Trancosu,Trancose;;Tirunelveli
PROV1215;Leiria  ;Leiria;c_leiria,Liriyya,Lleiria,Léiry;;Dakhina Desa
PROV1216;Alcaraz ;Alcaraz;c_alcaraz,al-Karas,Alkaraz;;Talakad
PROV1217;Logroño ;Logroño;c_logrono,Luhjruun,Logronyo,Logroñu,Logronho,Logrogne;;Nandagiri
#PROV1218,Sebasteia,Sebasteia,Sebasteia,,Sebasteia,,,,,x,,,,;;;;;
#PROV1219,Laranda,Laranda,Laranda,,Laranda,,,,,x,,,,;;;;;
PROV1220;Kaysun  ;Kaisun;c_kaisun,Kaisum,Kaison;;Goa
#PROV1221,Anemourion,Anemourion,Anemourion,,Anemourion,,,,,x,,,,;;;;;
PROV1222;In Salah;In Salah;c_insalah;;Rajamahendravaram
PROV1223;Ghadames;Ghadamés;c_ghadames,Cydamus;;Ishim
PROV1224;Takedda ;Tekkeda;c_tekkada;;Kalinganagar
PROV1225;Agadez  ;Agadez;c_agades;;Puri
PROV1226;Ghat    ;Ghat;c_ghat;;Nandapur
PROV1227;Kaouar  ;Kawar;c_bilma;;Cakrakuta
PROV1228;Gasga   ;Gasga;c_gasaga;;Swetaka Mandala
PROV1229;Al-Fashir;El Fasher;c_elfasher;;Khinjali Mandala
PROV1230;Dongola ;Dongola;c_dongola;;Suvarnapura
PROV1231;Kufra   ;Koufra;c_roufra;;Viraja
PROV1232;Awlil   ;Awlil;c_awlil;;Midnapore
PROV1233;Tanezrouft;Tanzeruft desert;;;Saptagrama
PROV1234;Ténéré  ;Ténéré;;;Damin-i-koh
PROV1235;Tibesti ;Tibesti;c_tibesti;;Tamralipti
PROV1236;Azaz    ;Hazart;c_hazart,Azaz;;Candradvipa
PROV1237;Masyaf  ;Masyaf;c_masyaf;;Rajrappa
PROV1238;Harran  ;Harran;c_harran,Carrhae,Karrai;;Mallabhum
PROV1239;Mardin  ;Mardin;c_mardin,Marida,Mâridîn,Mêrdîn;;Vijayapura
PROV1240;Manbij  ;Manbij;c_manbij,Mombech,Hierapolis;;Kumara Mandala
PROV1241;Syrian Desert;Badiyat ash-sham;;;Jharkand
PROV1242;Salamiyah;Salamiyah;c_salamiyah,Salamias;;Radha
PROV1243;Kafartab;Kafr-Tab;c_kafrtab,La Marre,Arra;;Gauda
PROV1244;Baarin  ;Monferrand;c_monferrand,Hisn -al Akrad,Raphaniai;;Kamatapur
PROV1245;Byblos  ;Gibelet;c_gibelet,Jebail,Byblus,Byblos;;Srihatta
PROV1246;Aunis   ;Aunis;c_aunis;;Goalpara
PROV1247;Gorizia ;Görz;c_gorz;;Khijjingakota
PROV1248;Trégor  ;Trégor;c_tregor;;Munda
PROV1249;Nîmes   ;Nimes;c_nimes,Nemausus,Nemausos;;Sambalpur
PROV1250;Millau  ;Milau;c_milau;;Ayodhya
PROV1251;Carlat  ;Carlat;c_carlades;;Sasaram
PROV1252;Valentinois;Valentinois;c_valentinois,Valentia,Oualentia;;Barasuru
PROV1253;Marsan  ;Marsan;c_marsan;;Nilagiri
PROV1254;Couserans;Couserans;c_couserans;;Vairagara
PROV1255;Dauphinate of Auvergne;Dauphin d'auvergne;c_dauphinedeauvergne;;Vemulavada
PROV1256;Mortain ;Mortain;c_mortain;;Orangallu
PROV1257;Sparbyggjafylke;Sparbbygjafylki;c_steinkjer;;Medak
PROV1258;Southern Region;Suðurland;c_southisland;;Nanded
PROV1259;Sidon   ;Sidon;c_sidon,Sayda;;Vatsagulma
PROV1260;Caesarea;Caesarea;c_caesarea,Caesarea,Parálios Kaisáreia;;Nasikya
PROV1261;Nazareth;Nazareth;c_nazareth,An-Nasirah;;Parnakheta
PROV1262;Ibelin  ;Ibelin;c_ibelin,Iamnia;;Thalner
PROV1263;Opava   ;Opava;c_opava,Opava,Opawa,Troppau;;Burhanpur
PROV1264;Kuenring;Kuenring;c_kuenring;;Nandurbar
PROV1265;Žatec   ;Zatec;c_zatec,Žatec,Saaz;;Sagar
PROV1266;An Nafud;An Nafud;;;Somnath
PROV1267;the Swina;Swine;c_szvuine,Jómsburgh,Jómsborg,Szvuine,Švuine;;Vardhamana
PROV1268;Koporye ;Koporje;c_koporje;;Dhamalpur
PROV1269;Staraya Russa;Rusa;c_russa;;Canda
PROV1270;Porkhov ;Porhov;c_porkhov;;Kiranapura
PROV1271;Ustyuzhna;Ustyug Zhelezny;c_ustyuzhna;;Tripuri
PROV1272;Volokolamsk;Volokolamsk;c_volokolamsk;;Ratanpur
PROV1273;Kadom   ;Kadom;c_kadom;;Turgay
PROV1274;Kozelsk ;Kozel'sk;c_kozelsk;;Damoh
PROV1275;Novosil ;Novosil;c_novosil;;Zaranj
PROV1276;Tarusa  ;Tarusa;c_tarusa;;Gaya
PROV1277;Karachev;Karachev;c_karachev;;Tummana
PROV1278;Sogn    ;Sygnafylki;c_sogn;;Gurgi
PROV1279;Zhytomyr;Zhytomyr;c_zhytomyr;;Rohana
PROV1280;Ovruch  ;Ovruch;c_iskorosten;;Gojjam
PROV1281;Romny   ;Romen;c_romny_ukraine;;Chunar
PROV1282;Dubrovytsia;Dubrovitsa;c_dubrovitsa;;Dotawo
PROV1283;Chernivtsi;Cern;c_cern;;Asni
PROV1284;Ostroh  ;Ostrog;c_ostrog;;Bharauli
PROV1285;Zvenigorod;Zvenigorod;c_zvenyhorod;;Acalapura
PROV1286;Kamianets-Podilskyi;Kamenec;c_kamyanetspodilsky;;Kherla
PROV1287;Mologa  ;Mologa;c_mologa;;Asirgarh
PROV1288;Lukoml  ;Lukoml;c_lubny;;Ujjayini
PROV1289;Romsdal ;Raumsdalr;c_romsdal;;Dadhipadra
PROV1290;Castelseprio;Sepiro;c_sepiro;;Khetaka
PROV1291;Bribir  ;Bribir;c_bribir,Berberi,Breberi;;Mohadavasaka
PROV1292;Kursk   ;Kursk;c_kursk;;Sarasvata Mandala
PROV1293;Rylsk   ;Rilsk;c_rilsk;;Gulf of Kutch
PROV1294;Slutsk  ;Sluck;c_slutsk;;Satyapura
PROV1295;Korcula ;Korcula;c_korcula,Kurzel,Curzola,Kòrkyra Melaèn,Korkyra Melaina;;Kutch
PROV1296;Vyborg  ;Viipuri;c_viipuri;;Dimapur
PROV1297;Pomesania;Pomesania;c_pomesania,Pomesanien,Pomezania,Pameddi;;Debul
PROV1298;Pogesania;Pogesania;c_pogesania,Pogesanien,Pogezania,Pagudé;;Chanderi
PROV1299;Bartia  ;Bartia;c_bartia,Barten,Barcja,Barcia,Barta;;Candhoba
PROV1300;        ;Nadruvia;c_nadruvia,Nadrauen,Nadrowia,Nadruva;;Kota
PROV1301;Czluchów;Schlochau;c_swiecie,Swiecie,Swiéce;;Mahoba
PROV1302;Santok  ;Santok;c_santok;;Chitrakut
PROV1303;Neumark ;Neumark;c_neumark,Cedynia,Cedyne,Cediniô,Cedynye;;Ranikot
PROV1304;Southern Zealand;Syndræ Syaland;c_southern_sjaelland;;Ludrava
PROV1305;Ashmyany;Asmena;c_asmena,Oszmiana,Ošmiana,Ošmyany,Aschemynne;;Lake Balkhash
PROV1306;Zaslawye;Izjaslavl';c_zaslawye;;Tura
PROV1307;Bandava ;Bandava;c_bandava;;Indus
PROV1308;Duvzare ;Duvzare;c_duvzare;;Indus
PROV1309;Vaiga   ;Vaiga;c_vaiga;;Indus
PROV1310;Northern Scania;Nørræ Skane;c_northern_skane;;Indus
PROV1311;Finnveden;Finnveden;c_finnveden;;Ganges
PROV1312;Modruš  ;Modruš;c_modrus,Terponus,Terponos;;Ganges
PROV1313;Bialogard;Belgard;c_belgard,Belehrad,Bialogard,Biologard,Bielehrad;;Ganges
PROV1314;Rawa    ;Rawa;c_rawamazovia;;Ganges
PROV1315;Leczyca ;Leczyca;c_leczyca;;Ganges
PROV1316;Savona  ;Savona;c_savona,Savo;;Brahmaputra
PROV1317;Celje   ;Celje;c_celje,Celeia,Keleia;;Brahmaputra
PROV1318;Aquino  ;Aquino;c_sangermano,Aquinum,Akoúinon;;Samatata
PROV1319;Say     ;Say;c_say;;Bikrampur
PROV1320;Tahoua  ;Tahoua;c_tahoua;;Aydhab
PROV1321;Gobir   ;Gobir;c_gobir;;Kamarupanagara
PROV1322;Kebbi   ;Kebbi;c_kebbi;;Nobatia
PROV1323;Zamfara ;Zamfara;c_zamfara;;Nabadwipa
PROV1324;Yauri   ;Yauri;c_yauri;;Suvarnagram
PROV1325;Zazzau  ;Zazzau;c_zazzau;;Madhupur
PROV1326;Katsina ;Katsina;c_katsina;;Napata
PROV1327;Daura   ;Daura;c_daura;;Rothas
PROV1328;Kano    ;Kano;c_kano;;Prayaga
PROV1329;Kanem   ;Kanem;c_kanem;;Ket
PROV1330;Omiš    ;Omis;c_omis,Drijeva,Onaeum,Almiyssion;;Suakin
PROV1331;Bilbeis ;Bilbays;c_bilbays,Bilbeis;;Sonda
PROV1332;Madeira Island;Madeira;c_madeira,Leiname,Lolegname,Erythia;;Trinkitat
PROV1333;Burzenland;Barcaság;c_burzenland,Burzenland,Tara Bârsei;;Siwistan
PROV1334;        ;Fayyum;c_fayyum,Arsinoë;;Alodia
PROV1335;        ;Itfih;c_itfih,Aphroditopolis,Aphroditoupolis;;Kosti
PROV1336;        ;Bahnasa;c_bahnasa,Oxyrhynchus,Oxyrynchos;;Vijnot
PROV1337;        ;Manfalut;c_manfalut,Manbalot;;Uch
PROV1338;Eastern Desert;Eastern desert;;;Multan
PROV1339;        ;Ikhmin;c_ikhmin,Panopolis;;Rajanpur
PROV1340;        ;Qus;c_qus,Thebae,Thebai;;Karor
PROV1341;        ;Kharija;c_kharija,Oasis Magna,Oasis Megas;;Nandana
PROV1342;        ;Dakhila;c_dakhila,Mothis;;Purushapura
PROV1343;        ;Bahriya;c_bahriya,Oasis Parva,Oasis Mikra;;Massawa
PROV1344;Farafra ;Farfarun;c_farfarun;;Zeila
PROV1345;        ;Adjadabiya;c_ajadabiya,Corniclanum;;Medapata
PROV1346;        ;Al-Aghaila;c_aghaila,Anabucis;;Ajayameru
PROV1347;        ;Jafran;c_jafran,Thenteos;;Taklamakan Desert
PROV1348;        ;Labda;c_labda,Quintiliana;;Burma
PROV1349;        ;Zawiya;c_zawiya,Abrotonum,Abrotonon;;Vikramapura
PROV1350;        ;Zuwara;c_zuwara,Zitha;;Reni
PROV1351;        ;Jerid;c_nafzawa,Nepte;;Tibetan Plateau
PROV1352;        ;Qashtiliya;c_qashtiliya,Capsa;;Sarasvati
PROV1353;        ;Sfax;c_sfax,Taparura;;Vairata
PROV1354;        ;Tabassa;c_tabassa,Theveste;;Nagauda
PROV1355;        ;Kabylia;c_setif,Setifis;;Ranthambore
PROV1356;Oued Righ;Arigh;c_arigh;;Kanyakubja
PROV1357;Oujda   ;Wajda;c_wajda;;Sripatha
PROV1358;Taza    ;Sa;c_sa;;Vodamayutja
PROV1359;        ;Malila;c_malila,Rusaddir;;Mathura
PROV1360;Nekor   ;Nakur;c_nakur;;Maldives
PROV1361;        ;Sala;c_sala,Sala Colonia;;Shorkot
PROV1362;Tafilalt;Tafilalet;c_sous;;Lahur
PROV1363;Draa River;Draa;c_draa;;Dipalpur
PROV1364;Tindouf ;Tindouf;c_tindouf;;Tribandapura
PROV1365;Taoudenni;Taoudeni;c_taoudeni;;Delhi
PROV1366;Tasarahla;Tassarahla;c_tassarahla;;Hisar
PROV1367;Bir Moghrein;Bir um Grein;c_birumgrein;;Sthanisvara
PROV1368;Erg Amatlich;Amatlus;c_akjoujt;;Hastinapura
PROV1369;Tagant Region;Tagant;c_tagant;;Socotra
PROV1370;Masina  ;Masin;c_masin;;Armail
PROV1371;Takrur  ;Takrur;c_takrur;;Quzdar
PROV1372;Silla   ;Silla;c_silla;;Kandail
PROV1373;Diafunu ;Diafanu;c_diafunu;;Assab
PROV1374;Diarra  ;Kingui;c_kingui;;Sibi
PROV1375;Sosso   ;Soso;c_soso;;Kafirkot
PROV1376;Awgham  ;Awgham;c_awkar;;Bori
PROV1377;Méma    ;Mema;c_mema;;Maymana
PROV1378;Macina  ;Massina;c_massina;;Urgench
PROV1379;Jolof   ;Djolof;c_djolof;;Asayita
PROV1380;Kaabu   ;Kaba;c_kaba;;Semien
PROV1381;Gajaaga ;Galam;c_galam;;Pundravardhana
PROV1382;Cayor   ;Cayor;c_cayor;;Gulf of Suez
PROV1383;Mali    ;Malal;c_malal;;Northern Red Sea
PROV1384;Bure    ;Bure;c_bure;;Central Red Sea
PROV1385;Kankan  ;Kankan;;;Southern Red Sea
PROV1386;Kita    ;Kita;c_kiri;;Strait of Mandeb
PROV1387;Sibiridugu;Sibiridugu;c_sibiridugu;;Gulf of Aden
PROV1388;Sikasso ;Sikasso;c_sikasso;;Horn of Africa
PROV1389;Kala    ;Kala;c_kala;;Coast of Dhofar
PROV1390;Binduku ;Bingugu;c_binduku;;Southern Coast of Oman
PROV1391;Bobo-Dyulasso;Bobo Dyulasso;c_bobodyolasso;;Coast of Muscat
PROV1392;Yatenga ;Yatenga;c_yatenga;;Gulf of Oman
PROV1393;Rizim   ;Risiom;c_risiom;;Strait of Hormuz
PROV1394;Mabroûk ;Mabruk;c_mabruk;;Eastern Persian Gulf
PROV1395;Ouallene;Wallen;c_wallen;;Western Persian Gulf
PROV1396;Tuat    ;Tuat;c_tuat;;Coast of Makran
PROV1397;El Goléa;Al-Qulaya;c_elgolea;;Indus Delta
PROV1398;Ghardaïa;Ghardaiya;c_ghardaiya;;Coast of Gujarat
PROV1399;Ouargla ;Wargla;c_wargla;;Coast of Konkan
PROV1400;Touggourt;Tukkúrt;c_tuggurt;;Coast of Malabar
PROV1401;Nafusa Mountains;Nafusa;c_nafusa;;Karnataka Coast
PROV1402;        ;Waddan;c_waddan,Gholaia;;Gulf of Mannar
PROV1403;        ;Sebna;c_sebha,Sabae;;South Lanka Coast
PROV1404;Murzuk  ;Murzuk;c_murzuk;;Palk Strait
PROV1405;Zwila   ;Zawila;c_zawila;;North Lanka Coast
PROV1406;Tazirbu ;Tazerbo;c_tazerbo;;South Coromandel Coast
PROV1407;Germa   ;Gherma;c_gherma;;North Coromandel Coast
PROV1408;Tumu    ;Tumma;c_tummo;;Anxi
PROV1409;Djado   ;Djado;c_djado;;Coast of Orissa
PROV1410;Azawagh ;Ain Azawa;c_ainazawa;;Coast of Kataka
PROV1411;Djanet  ;Djanet;c_djanet;;Ganges Delta
PROV1412;Hoggar Mountains;Hoggar;c_hoggar;;Arabian Sea
PROV1413;In Ziza ;Ain Zize;c_timanissao;;Venadu
PROV1414;Tenerife;Tenerife;c_tenerife,Tenerife,Ašenšen;;Kotthasara
PROV1415;        ;Cres;c_cres,Kersch,Cherso,Chersos,Crepsa;;Pithapuram
PROV1416;Fuerteventura;Fuerteventura;c_fuerteventura,Fuerteventura,Mahãr-at;;Kolhapur
PROV1417;Illizi  ;Ilízí;c_ilizi;;Wag
PROV1418;Grand Erg Oriental;Grand Erg;;;Haruppeswara
PROV1419;Sahara  ;Ghat Sahara;;;Mithila
PROV1420;South Sahara;South Sahara;;;Simaramapura
PROV1421;Ténéré  ;Tenere desert;;;Sravasti
PROV1422;South Ténéré;South Tenere;;;Naimisa
PROV1423;Libyan Desert;Libyan desert;;;Fergana
PROV1424;        ;Stafford;c_stafford,Stæffordscir,Swydd Stafford;;Chuy
PROV1425;        ;Hertford;c_hertford,Heortford,Verulamium,Ourolanion;;Ili
PROV1426;        ;Cambridge;c_cambridge,Grantabrycge,Grentebrige,Caergrawnt;;Zhetysu
PROV1427;        ;Huntingdon;c_huntingdon,Huntandun;;Urzhar
PROV1428;        ;Rutland;c_rutland,Roteland;;Damot
PROV1429;        ;Nottingham;c_nottingham,Snotingahamscir,Swydd Y Ty Ogofog,Swydd Tigguo Cobauc;;Begemder
PROV1430;North Riding of Yorkshire;North York Ridding;c_york_moors;;Kipchak
PROV1431;East Riding of Yorkshire;East York Ridding;c_york_wolds;;Otrar
PROV1432;Isle of Wight;Wight;c_wight;;Karluk
PROV1433;        ;Channel Isles;c_jersey,Jarðey,Caesarea,Jèrri,Jerzenez;;Kazakh
PROV1434;Derry   ;Daire;c_derry,Daire,Doire,Doirrey,Tír Chonaill;;Balkhash
PROV1435;Armagh  ;Ard Mhacha;c_armagh,Ard Mhacha,Ardmagh,Ard Maghey;;Kimak
PROV1436;Fermanagh;Fir Manach;c_fermanagh,Fir Manach,Fer Managh,Fhear Manach;;Lakomelza
PROV1437;Monaghan;Mhuineachain;c_monaghan,Muineachán;;Tigrinya
PROV1438;Cavan   ;Chabhain;c_cavan,Chabháin,Cabhán,Chavan;;Yarkand
PROV1439;Sligo   ;Shligigh;c_sligo,Sligeach,Shliggagh,Slich;;Kashgar
PROV1440;        ;Gaillimhe;c_galway,Gailimh,Galliu,Galwæg,Galliv;;Khotan
PROV1441;Annaly  ;Anghaile;c_annaly,Anghaile;;Cherchen
PROV1442;        ;Tethbae;c_tethbae,Teabhtha,Teffia;;Charkliq
PROV1443;Offaly  ;Uibh Fhaili;c_offaly,Uíbh Fhailí;;Karashar
PROV1444;        ;An Dhun;c_down,an Dhún;;Kucha
PROV1445;Wicklow ;Chill Mhantain;c_wicklow,Chill Mhantáin,Wykynlo,Wygingelow;;Aksu
PROV1446;Carlow  ;Cheatharlach;c_carlow,Cheatharlach,Ceatharlach,Katerlaf,Catherlagh,Chaarlagh;;Kara Khoja
PROV1447;Laois   ;Laoise;c_laois,Laoise,Leesh,Leix;;Loulan
PROV1448;        ;Thiobraid Arann;c_tipperary,Tiobraid Árann,Hybbyrt Aarey;;Dunhuang
PROV1449;Limerick;Luimnigh;c_limerick,Luimnigh,Hlymrekr,Limmeragh;;Luntai
PROV1450;Cork    ;Corcaigh;c_cork,Corcaigh,Cork,Corc,Chorkee;;Kumul
PROV1451;Caithness;Gallaibh;c_gallaibh,Gallaibh,Caithness;;Altay
PROV1452;Nairn   ;Inbhir Narann;c_inbhirnarann,Inbhir Narann,Nairn;;Dünkheger
PROV1453;Inverness;Inbhir Nis;c_inbhirnis,Inbhir Nis,Inverness;;Aj Bogd
PROV1454;Lewis   ;Leodhas;c_leodhas,Leodhas,Lewis;;Muztau
PROV1455;Uist    ;Uibhist;c_uibhist,Uibhist,Uist,Ivist;;Tsagaannuur
PROV1456;Rùm     ;Rum;c_rum,Rùm,Rum,Rõmey;;Ikh Bogd
PROV1457;        ;Muile;c_muile,Muile,Mull,Myl;;Kara Khorum
PROV1458;        ;Ile;c_ile,Ìle,Islay,Íl;;Khangai
PROV1459;Kintyre ;Kintyre;c_kintyre,Cinn Tìre,Kintyre;;Kyzyl
PROV1460;        ;Bod;c_bod,Eilean Bhòid,Bute,Bót;;Baygal
PROV1461;Aberdeen;Obar Dheathain;c_obardheathain,Obar Dheathain,Aberdeen;;Ötüken
PROV1462;Kincardine;Cinn Chardainn;c_cinnchardainn,Cinn Chàrdainn,Kincardine;;Gorgol
PROV1463;Socotra ;Socotra;c_socotra;;Erchis
PROV1464;Barth   ;Barth;c_barth,Bardo;;
PROV1465;Dunbartonshire;Dun Breatainn;c_dunbreatainn,Dùn Breatainn,Lennox,Alt Clut;;
PROV1466;        ;Rinn Friu;c_rinnfriu,Strathclyde;;
PROV1467;        ;Nisáya;c_uzboy,Nisaea;;
PROV1468;        ;Tweedale;c_tweedale;;
PROV1469;Wigtown ;Baile Na H Uige;c_bailenahuige,Baile na h-Ùige,Wigtown,Vìktun;;
PROV1470;        ;Dun Phris;c_dunphris,Dùn Phris,Dumfries;;
PROV1471;Buellt  ;Buellt;c_buellt,Buellt,Builth;;
PROV1472;Radnorshire;Rhwng Gwy A Hafren;c_rhwng,Rhwng Gwy a Hafren,Radnor;;
PROV1473;Gower   ;Gwyr;c_gwyr,Gwyr,Gower;;
PROV1474;Munio   ;Munio;c_munio;;
PROV1475;Zamtam  ;Zamtam;c_zamtam;;
PROV1476;Borno   ;Bornu;c_bornu;;
PROV1477;Kaga    ;Kagha;c_kagha;;
PROV1478;Baguirmi;Bagirmi;c_bagirmi;;
PROV1479;Fitri   ;Fitri;c_fitri;;
PROV1480;Gasga   ;Gasga;c_gasga;;
PROV1481;Wadai   ;Wadai;c_wadai;;
PROV1482;Borkou  ;Borkou;c_borkou;;
PROV1483;Bayuda Desert;Bayuda Desert;;;
PROV1484;Uri     ;Uri;c_uri;;
PROV1485;Kurdufan;Kordofan;c_kordofan;;
PROV1486;Volta Basin;Volta Basin;;;
PROV1487;Central Africa;Central Africa;;;
PROV1488;Taqali  ;Tagali;c_tagali;;
PROV1489;Wolqayt ;Wolqayt;c_wolqayt;;
PROV1490;Soba    ;Soba;c_soba;;
PROV1491;Alodia  ;Alwa;c_alwa;;
PROV1492;Butana  ;Butana;c_butana;;
PROV1493;Nubian Desert;Nubian Desert;;;
PROV1494;Abu Hamad;Abu Hammad;c_abuhammad;;
PROV1495;Ghazali ;Al-Ghazali;c_ghazali;;
PROV1496;El Atrun;El-Atrun;c_elatrun;;
PROV1497;Selima  ;Selima;c_selima;;
PROV1498;        ;Sai;c_sai,Saye;;
PROV1499;Semna   ;Semna;c_semna;;
PROV1500;        ;Qasr Ibrim;c_qasribrim,Premis,Primis;;
PROV1501;        ;Aydhab;c_aydhab,Berenice,Berenike;;
PROV1502;Medri Bahri;Maikele Bahr;c_maikele_bahr;;
PROV1503;        ;Suakin;c_suakin,Limen Evangelis;;
PROV1504;Libyan Desert;Western Desert;;;
PROV1505;Upper Atbarah River;Upper Atbara;c_uper_atbara;;
PROV1506;Tigray  ;Tigre;c_tigre;;
PROV1507;Marya   ;Marya;c_marya;;
PROV1508;Adulis  ;Adulis;c_adulis;;
PROV1509;Saho    ;Saho;c_bur;;
PROV1510;Enderta ;Intarta;c_intarta;;
PROV1511;Lasta   ;Lasta;c_lasta;;
PROV1512;Semien  ;Semien;c_semien;;
PROV1513;Begemder;Begemdir;c_begemder;;
PROV1514;Angot   ;Angot;c_angot;;
PROV1515;Gojjam  ;Gojjam;c_gojjam;;
PROV1516;Ifat    ;Ifat;c_ifat;;
PROV1517;Danakil ;Danakil;c_danakil;;
PROV1518;Assab   ;Assab;c_assab;;
PROV1519;Mora    ;Mora;c_mora;;
PROV1520;Zeila   ;Zaila;c_zaila;;
PROV1521;Shewa   ;Shewa;c_shewa;;
PROV1522;        ;Vrhbosna;c_vrhbosna,Vrelobosna,Saraybosna;;
PROV1523;Okic    ;Okic;c_okic,Achuz,Oclych;;
PROV1524;Vrbas   ;Vrbas;c_vrbas;;
PROV1525;        ;Velbazhd;c_velbazhd,Pautalia,Küstendil;;
PROV1526;        ;Strumica;c_strumica,Tiveriopolis,Ustrumca;;
PROV1527;        ;Kopsis;c_kopsis,Kopsis,Gjopsa;;
#PROV1528,Megále Vlachia,Megále Vlachia,Megále Vlachia,,Megále Vlachia,,,,,x,,,,;;;;;
PROV1529;        ;Ialomita;c_ialomita;;
PROV1530;        ;Abívard;c_abivard;;
PROV1531;        ;Zanján;c_zanjan;;
PROV1532;        ;Dasht-e Kevír;;;
PROV1533;        ;Mafáza;c_mafaza;;
PROV1534;        ;Darabjird;c_darabjird;;
PROV1535;        ;Turán;c_turan;;
PROV1536;        ;Rukhádj;c_rukhadj;;
PROV1537;        ;Bákharz;c_bakharz;;
PROV1538;        ;Sarakhs;c_sarakhs;;
PROV1539;        ;Ganj Rustáq;c_ganj-rustaq;;
PROV1540;        ;Ghór;c_ghor;;
PROV1541;        ;Gharchistán;c_gharchistan;;
PROV1542;        ;Guzgán;c_guzgan;;
PROV1543;        ;Ámol;c_amol;;
PROV1544;        ;Nakhsheb;c_nakhsheb;;
PROV1545;        ;Chaghániyán;c_chaghaniyan;;
PROV1546;        ;Tokharestán;c_tokharestan;;
PROV1547;        ;Ghazna;c_ghazna;;
PROV1548;        ;Arghiyán;c_arghiyan;;
PROV1549;        ;Karasu;c_karasu;;
PROV1550;        ;Kábul;c_kabul;;
PROV1551;        ;Lamghán;c_lamghan;;
PROV1552;        ;Chitrál;c_chitral;;
PROV1553;        ;Badakhshán;c_badakhshan;;
PROV1554;        ;Vakhán;c_vakhan;;
PROV1555;        ;Rasht;c_rasht;;
PROV1556;        ;Khuttal;c_khuttal;;
PROV1557;        ;Ustrushana;c_ustrushana;;
PROV1558;        ;Khojand;c_khojand,Alexandria Eschate,Alexandreia Eschate;;
PROV1559;        ;Ferghana;c_ferghana;;
PROV1560;        ;Khaylam;c_khaylam;;
PROV1561;        ;Shásh;c_shash;;
PROV1562;        ;Otrár;c_otrar;;
PROV1563;        ;Talas;c_talas;;
PROV1564;        ;Aval;c_aval;;
PROV1565;        ;Kish;c_panjikend;;
PROV1566;        ;Naryn;c_naryn;;
PROV1567;        ;Kashgar;c_kashgar;;
PROV1568;        ;Aqsu;c_aqsu;;
PROV1569;        ;Kucha;c_kucha;;
PROV1570;        ;Qarashahr;c_qarashahr;;
PROV1571;        ;Almaliq;c_almaliq;;
PROV1572;        ;Balasaghnun;c_balasaghnun;;
PROV1573;        ;Yetisu;c_yeti-su;;
PROV1574;        ;Emil;c_emil;;
PROV1575;        ;Zaysan;c_zaysan;;
PROV1576;        ;Ayaguz;c_ayaguz;;
PROV1577;        ;Barskhan;c_barskhan;;
PROV1578;        ;Tálekán;c_talekan;;
PROV1579;        ;Balkhash;c_balkhash;;
PROV1580;        ;Jungaria;c_jungaria;;
PROV1581;        ;Soli;c_soli,Salinae,Sale,Salines,Só,Tuzla;;
PROV1582;        ;Takla Makan desert;;;
PROV1583;        ;The Pamir;;;
PROV1584;        ;Himbræsysæl;c_northeastern_jylland;;
PROV1585;        ;Warwithsysæl;c_central_jylland;;
PROV1586;        ;Samsø;c_samsoe,Sámsey;;
PROV1587;        ;Nørræ Halland;c_northern_halland;;
PROV1588;        ;Himalayas;;;
PROV1589;        ;Tian Shan;;;
PROV1590;        ;India;;;
PROV1591;        ;Qeshm;c_qeshm;;
PROV1592;        ;Dahlak;c_dahlak;;
PROV1593;        ;Naqis;c_naqis;;
PROV1594;        ;Irahistan;c_siraf;;
PROV1595;        ;Lake Balkash;;;
PROV1596;        ;Lake Issyk;;;
PROV1597;        ;Lake Zaysan;;;
PROV1598;        ;Lake Alakol;;;
PROV1599;        ;Lake Ebinur;;;
PROV1600;        ;Debul;c_debul;;
PROV1601;        ;Ranikot;c_ranikot;;
PROV1602;        ;Sonda;c_sonda;;
PROV1603;        ;Mansura;c_mansura;;
PROV1604;        ;Siwistan;c_siwistan;;
PROV1605;        ;Aror;c_aror;;
PROV1606;        ;Bhakkar;c_bhakkar;;
PROV1607;        ;Quzdar;c_quzdar;;
PROV1608;        ;Kandail;c_kandail;;
PROV1609;        ;Rajanpur;c_rajanpur;;
PROV1610;        ;Sibi;c_sibi;;
PROV1611;        ;Bori;c_wana;;
PROV1612;        ;Kafirkot;c_kafirkot;;
PROV1613;        ;Uch;c_uch;;
PROV1614;        ;Karur;c_karur;;
PROV1615;        ;Multan;c_multan;;
PROV1616;        ;Karor;c_karor;;
PROV1617;        ;Bhera;c_bhera;;
PROV1618;        ;Shorkot;c_shorkot;;
PROV1619;        ;Dialpur;c_dipalpur;;
PROV1620;        ;Lahur;c_lahur;;
PROV1621;        ;Trigarta;c_trigarta;;
PROV1622;        ;Sakala;c_sakala;;
PROV1623;        ;Gurjarata;c_gurjaratra;;
PROV1624;        ;Udabhanda;c_udabhanda;;
PROV1625;        ;Purushapura;c_purushapura;;
PROV1626;        ;Bannu;c_bannu;;
PROV1627;        ;Nandana;c_nandana;;
PROV1628;        ;Kasmira;c_kasmira;;
PROV1629;        ;Sarasvata Mandala;c_sarasvata_mandala;;
PROV1630;        ;Khetaka;c_khetaka;;
PROV1631;        ;Mohadavasaka;c_mohadavasaka;;
PROV1632;        ;Dhamalpur;c_dhamalpur;;
PROV1633;        ;Dvaraka;c_dvaraka;;
PROV1634;        ;Kutch;c_kutch;;
PROV1635;        ;Bhumilka;c_bhumilka;;
PROV1636;        ;Somnath;c_somnath;;
PROV1637;        ;Valabhi;c_valabhi;;
PROV1638;        ;Vardhamana;c_vardhamana;;
PROV1639;        ;Navasarika;c_navasarika;;
PROV1640;        ;Daman;c_daman;;
PROV1641;        ;Vadodara;c_vadodara;;
PROV1642;        ;Mandavyapura;c_mandavyapura;;
PROV1643;        ;Medantaka;c_medantaka;;
PROV1644;        ;Godwad;c_godwad;;
PROV1645;        ;Vikramapura;c_vikramapura;;
PROV1646;        ;Reni;c_reni;;
PROV1647;        ;Nagauda;c_nagauda;;
PROV1648;        ;Ludrava;c_ludrava;;
PROV1649;        ;Vijnot;c_vijnot;;
PROV1650;        ;Satyapura;c_satyapura;;
PROV1651;        ;Medapata;c_medapata;;
PROV1652;        ;Chitrakut;c_chitrakut;;
PROV1653;        ;Kota;c_kota;;
PROV1654;        ;Ajayameru;c_ajayameru;;
PROV1655;        ;Ranthambore;c_ranthambore;;
PROV1656;        ;Vairata;c_vairata;;
PROV1657;        ;Gwalior;c_gwalior;;
PROV1658;        ;Delhi;c_delhi;;
PROV1659;        ;Hastinapura;c_hastinapura;;
PROV1660;        ;Sthanisvara;c_sthanisvara;;
PROV1661;        ;Hisar;c_hisar;;
PROV1662;        ;Tribandapura;c_tribandapura;;
PROV1663;        ;Sarasvati;c_sarasvati;;
PROV1664;        ;Mathura;c_mathura;;
PROV1665;        ;Kol;c_kol;;
PROV1666;        ;Sripatha;c_sripatha;;
PROV1667;        ;Vodamayutja;c_vodamayutja;;
PROV1668;        ;Sambhal;c_sambhal;;
PROV1669;        ;Katehar;c_katehar;;
PROV1670;        ;Dadhipadra;c_dadhipadra;;
PROV1671;        ;Dhara;c_dhara;;
PROV1672;        ;Dasapura;c_dasapura;;
PROV1673;        ;Ujjayini;c_ujjayini;;
PROV1674;        ;Sarangpur;c_sarangpur;;
PROV1675;        ;Vidisa;c_vidisa;;
PROV1676;        ;Chanderi;c_chanderi;;
PROV1677;        ;Candhoba;c_candhoba;;
PROV1678;        ;Mandapika;c_mandapika;;
PROV1679;        ;Asirgarh;c_asirgarh;;
PROV1680;        ;Burhanpur;c_burhanpur;;
PROV1681;        ;Thalner;c_thalner;;
PROV1682;        ;Kanyakubja;c_kanyakubja;;
PROV1683;        ;Lakhnau;c_lakhnau;;
PROV1684;        ;Kalpi;c_kalpi;;
PROV1685;        ;Bharauli;c_bharauli;;
PROV1686;        ;Asni;c_asni;;
PROV1687;        ;Prayaga;c_prayaga;;
PROV1688;        ;Namisa;c_naimisa;;
PROV1689;        ;Sravasti;c_sravasti;;
PROV1690;        ;Ayodhya;c_ayodhya;;
PROV1691;        ;Mahoba;c_mahoba;;
PROV1692;        ;Kalanjara;c_kalanjara;;
PROV1693;        ;Damoh;c_damoh;;
PROV1694;        ;Gurgi;c_gurgi;;
PROV1695;        ;Filan;c_philan,Varach'an;;
PROV1696;        ;Lekia;c_lekia,al-Lakza,Lezgistan;;
PROV1697;        ;Malkhicho;c_malkhicho;;
PROV1698;        ;Ryn;;;
PROV1699;        ;Doros;c_theodoro;;
PROV1700;        ;Golfe de Hammamet;;;
PROV1701;        ;Malta Channel;;;
PROV1702;        ;Gulf of Sidra;;;
PROV1703;        ;Golfo di Taranto;;;
PROV1704;        ;Ionian Sea;;;
PROV1705;        ;Strait of Otranto;;;
PROV1706;        ;Adriatic Sea;;;
PROV1707;        ;Gulf of Venice;;;
PROV1708;        ;Aegean Sea;;;
PROV1709;        ;Cyclades;;;
PROV1710;        ;Sea of Crete;;;
PROV1711;        ;Coast of Egypt;;;
PROV1712;        ;Nile Delta;;;
PROV1713;        ;Sea of Palestine;;;
PROV1714;        ;Eastern Mediterranean;;;
PROV1715;        ;Western Aegean Sea;;;
PROV1716;        ;Näsijärvi;;;
PROV1717;        ;Aral Sea;;;
PROV1718;        ;Levantine Sea;;;
PROV1719;        ;Cilician Sea;;;
PROV1720;        ;Sea of Marmara;;;
PROV1721;        ;Gulf of Varna;;;
PROV1722;        ;Coast of Taurida;;;
PROV1723;        ;Black Sea;;;
PROV1724;        ;Coast of Kolkhida;;;
PROV1725;        ;Caspian Sea;;;
PROV1726;        ;Coast of Morocco;;;
PROV1727;        ;Strait of Gibraltar;;;
PROV1728;        ;Saimaa;;;
PROV1729;        ;Lake Balaton;;;
PROV1730;        ;Oulujärvi;;;
PROV1731;        ;Ladoga Lake;;;
PROV1732;        ;Mälaren;;;
PROV1733;        ;Faroya;;;
PROV1734;        ;Hjälmaren;;;
PROV1735;        ;Vättern;;;
PROV1736;        ;Vänern;;;
PROV1737;        ;White Sea;;;
PROV1738;        ;Strait of Dover;;;
PROV1739;        ;The Solent;;;
PROV1740;        ;Land's End;;;
PROV1741;        ;St. George's Channel;;;
PROV1742;        ;Sea of Azov;;;
PROV1743;        ;Cabo de Finisterre;;;
PROV1744;        ;Bodensee;;;
PROV1745;        ;Kara-Bogaz Gol;;;
PROV1746;        ;Noordzee;;;
PROV1747;        ;Bay of Biscay;;;
PROV1748;        ;Donegal Bay;;;
PROV1749;        ;Sea of Canarias;;;
PROV1750;        ;Bretagne Coast;;;
PROV1751;        ;Mjøsa;;;
PROV1752;        ;Tiveriade Lake;;;
PROV1753;        ;Portugal Coast;;;
PROV1754;        ;Golfo de Cadiz;;;
PROV1755;        ;Tyrifjorden;;;
PROV1756;        ;Dead Sea;;;
PROV1757;        ;Gulf of Riga;;;
PROV1758;        ;North Atlantic;;;
PROV1759;        ;Southern Coast of Norway;;;
PROV1760;        ;North Sea;;;
PROV1761;        ;North Sea;;;
PROV1762;        ;North Sea;;;
PROV1763;        ;Sea of Shetland;;;
PROV1764;        ;Bantry Bay;;;
PROV1765;        ;The Minch;;;
PROV1766;        ;Moray Firth;;;
PROV1767;        ;Firth of Forth;;;
PROV1768;        ;Dogger bank;;;
PROV1769;        ;The Wash;;;
PROV1770;        ;Onego;;;
PROV1771;        ;North Sea;;;
PROV1772;        ;Øresund;;;
PROV1773;        ;Gulf of Heligoland;;;
PROV1774;        ;Kattegat;;;
PROV1775;        ;Kolberger Heide;;;
PROV1776;        ;Bight of Hanö;;;
PROV1777;        ;Gulf of Danzig;;;
PROV1778;        ;Sea of Åland;;;
PROV1779;        ;Gulf of Finland;;;
PROV1780;        ;Gulf of Bothnia;;;
PROV1781;        ;Gulf of Bothnia;;;
PROV1782;        ;Adriatic Sea;;;
PROV1783;        ;Îles de la Manche;;;
PROV1784;        ;Mauretanian Coast;;;
PROV1785;        ;Lake Peipus;;;
PROV1786;        ;Lake Yalpug;;;
PROV1787;        ;Coast of Asturias;;;
PROV1788;        ;Northern Bay of Biscay;;;
PROV1789;        ;Celtic Sea;;;
PROV1790;        ;Inarijärvi;;;
PROV1791;        ;Coast of Iceland;;;
PROV1792;        ;Western Cyclades;;;
PROV1793;        ;Lake Scutari;;;
PROV1794;        ;Lake Ohrid;;;
PROV1795;        ;Lake Prespa;;;
PROV1796;        ;Päijänne;;;
PROV1797;        ;Irish Sea;;;
PROV1798;        ;Western Mediterranean;;;
PROV1799;        ;Golfo de Valencia;;;
PROV1800;        ;Islas Baleares;;;
PROV1801;        ;Ponant;;;
PROV1802;        ;Mediterranean Sea;;;
PROV1803;        ;Golfe du Lion;;;
PROV1804;        ;Lake Léman;;;
PROV1805;        ;Cote d Azur;;;
PROV1806;        ;Ligurian Sea;;;
PROV1807;        ;Tyrrhenian Sea;;;
PROV1808;        ;Coast of Sardegna;;;
PROV1809;        ;Golfo di Napoli;;;
PROV1810;        ;Strait di Messina;;;
PROV1811;        ;Lake Sevan;;;
PROV1812;        ;Lake Van;;;
PROV1813;        ;Lake Urmia;;;
PROV1814;        ;Lake Fertö;;;
PROV1815;        ;Limfjorden;;;
PROV1816;        ;Skagerak;;;
PROV1817;        ;Jammerbugten;;;
PROV1818;        ;Storebælt;;;
PROV1819;        ;Vesterhavet;;;
PROV1820;        ;Smålandshavet;;;
PROV1821;        ;Lake Ilmen;;;
PROV1822;        ;Lake Vörts;;;
PROV1823;        ;Plyussa;;;
PROV1824;        ;Volkhov;;;
PROV1825;        ;Mediterranean Sea;;;
PROV1826;        ;Lake Vastenjaure;;;
PROV1827;        ;Gautelfr;;;
PROV1828;        ;Salsvatnet;;;
PROV1829;        ;Lake Beloe;;;
PROV1830;        ;Kama;;;
PROV1831;        ;Kakšan;c_kokshaga,Kaksha,Kokšaga;;
PROV1832;        ;Pechora;;;
PROV1833;        ;Lake Sarygamysh;;;
PROV1834;        ;Manych;;;
PROV1835;        ;Chot El Jerid;;;
PROV1836;        ;Chot El Gharsa;;;
PROV1837;        ;Chot El Melghir;;;
PROV1838;        ;Lake Chad;;;
PROV1839;        ;Loch Lomond;;;
PROV1840;        ;Lough Neagh;;;
PROV1841;        ;Erne;;;
PROV1842;        ;Lough Ree;;;
PROV1843;        ;Lough Derg;;;
PROV1844;        ;Lough Corrib;;;
PROV1845;        ;Lough Mask;;;
PROV1846;        ;Lough Conn;;;
PROV1847;        ;Nizhivy Vyg;;;
PROV1848;        ;Birket Qarun;;;
PROV1849;        ;Svir;;;
PROV1850;        ;Andoma;;;
PROV1851;        ;Soyda;;;
PROV1852;        ;Kema;;;
PROV1853;        ;Sheksna;;;
PROV1854;        ;Sheksna;;;
PROV1855;        ;Suda;;;
PROV1856;        ;Mologa;;;
PROV1857;        ;Mologa;;;
PROV1858;        ;Chagodoshcha;;;
PROV1859;        ;Volga;;;
PROV1860;        ;Volga;;;
PROV1861;        ;Volga;;;
PROV1862;        ;Volga;;;
PROV1863;        ;Volga;;;
PROV1864;        ;Volga;;;
PROV1865;        ;Volga;;;
PROV1866;        ;Volga;;;
PROV1867;        ;Volga;;;
PROV1868;        ;Volga;;;
PROV1869;        ;Volga;;;
PROV1870;        ;Volga;;;
PROV1871;        ;Oka;;;
PROV1872;        ;Oka;;;
PROV1873;        ;Oka;;;
PROV1874;        ;Oka;;;
PROV1875;        ;Oka;;;
PROV1876;        ;Moskva;;;
PROV1877;        ;Moskva;;;
PROV1878;        ;Klyazma;;;
PROV1879;        ;Klyazma;;;
PROV1880;        ;Pronya;;;
PROV1881;        ;Don;;;
PROV1882;        ;Don;;;
PROV1883;        ;Don;;;
PROV1884;        ;Don;;;
PROV1885;        ;Smolnya;;;
PROV1886;        ;Smolnya;;;
PROV1887;        ;Smolnya;;;
PROV1888;        ;Pripjat;;;
PROV1889;        ;Dneiper;;;
PROV1890;        ;Dneiper;;;
PROV1891;        ;Dneiper;;;
PROV1892;        ;Dneiper;;;
PROV1893;        ;West Dvina;;;
PROV1894;        ;West Dvina;;;
PROV1895;        ;West Dvina;;;
PROV1896;        ;Lovat;;;
PROV1897;        ;Desna;;;
PROV1898;        ;Desna;;;
PROV1899;        ;Sejm;;;
PROV1900;        ;Sejm;;;
PROV1901;        ;Thames;;;
PROV1902;        ;Thames;;;
PROV1903;        ;Vilaine;;;
PROV1904;        ;Somme;;;
PROV1905;        ;Main;;;
PROV1906;        ;Seine;;;
PROV1907;        ;Seine;;;
PROV1908;        ;Seine;;;
PROV1909;        ;Yonne;;;
PROV1910;        ;Marne;;;
PROV1911;        ;Marne;;;
PROV1912;        ;Oise;;;
PROV1913;        ;Oise;;;
PROV1914;        ;Aisne;;;
PROV1915;        ;Loire;;;
PROV1916;        ;Loire;;;
PROV1917;        ;Loire;;;
PROV1918;        ;Vienne;;;
PROV1919;        ;Mosel;;;
PROV1920;        ;Charente;;;
PROV1921;        ;Mosel;;;
PROV1922;        ;Dordogne;;;
PROV1923;        ;Garonne;;;
PROV1924;        ;Garonne;;;
PROV1925;        ;Garonne;;;
PROV1926;        ;Adour;;;
PROV1927;        ;Rhone;;;
PROV1928;        ;Guadalquivir;;;
PROV1929;        ;Rhein;;;
PROV1930;        ;Rhein;;;
PROV1931;        ;Rhein;;;
PROV1932;        ;Maas;;;
PROV1933;        ;Maas;;;
PROV1934;        ;Maas;;;
PROV1935;        ;Lake Neuchâtel;;;
PROV1936;        ;Lake Lucerne;;;
PROV1937;        ;Lake Zurich;;;
PROV1938;        ;Øyern;;;
PROV1939;        ;Lago de Garda;;;
PROV1940;        ;Lago de Iseo;;;
PROV1941;        ;Lago de Como;;;
PROV1942;        ;Lago de Lugano;;;
PROV1943;        ;Lago de Maggiore;;;
PROV1944;        ;Lake Ioannina;;;
PROV1945;        ;Lake Trichonida;;;
PROV1946;        ;Lake Volvi;;;
PROV1947;        ;Lake Koronia;;;
PROV1948;        ;Lake Iznik;;;
PROV1949;        ;Lake Kus;;;
PROV1950;        ;Placeholder;;;
PROV1951;        ;Lake Ulubat;;;
PROV1952;        ;Lake Bafa;;;
PROV1953;        ;Lake Acigöl;;;
PROV1954;        ;Lake Burdur;;;
PROV1955;        ;Lake Egirdir;;;
PROV1956;        ;Lake Beysehir;;;
PROV1957;        ;Lake Eber;;;
PROV1958;        ;Lake Aksehir;;;
PROV1959;        ;Lake Tuz;;;
PROV1960;        ;Lake Tana;;;
PROV1961;        ;Lake Ghoubet;;;
PROV1962;        ;Lake Assal;;;
PROV1963;        ;Lake Namak;;;
PROV1964;        ;Redsea;;;
PROV1965;        ;Redsea;;;
PROV1966;        ;Redsea;;;
PROV1967;        ;Gulf of Aden;;;
PROV1968;        ;Coast of Somailia;;;
PROV1969;        ;Coast of Yemen;;;
PROV1970;        ;Coast of Oman;;;
PROV1971;        ;Gulf of Oman;;;
PROV1972;        ;Strait of Hormuz;;;
PROV1973;        ;Persian Gulf;;;
PROV1974;        ;Persian Gulf;;;
PROV1975;        ;Arabian Sea;;;
PROV1976;        ;Gulf of Khambhat;;;
PROV1977;        ;Gulf of Kuchch;;;
PROV1978;        ;Coast of Malabar;;;
PROV1979;        ;Indus Delta;;;
PROV1980;        ;Indus A;;;
PROV1981;        ;Indus B;;;
#PROV1982,Aiolía,Aiolía,Aiolía,,Aiolía,,,,,x,,,,;;;;;
#PROV1983,Mysía,Mysía,Mysía,,Mysía,,,,,x,,,,;;;;;
#PROV1984,Amastris,Amastris,Amastris,,Amastris,,,,,x,,,,;;;;;
#PROV1985,Amorion,Amorion,Amorion,,Amorion,,,,,x,,,,;;;;;
#PROV1986,Arkadia,Arkadia,Arkadia,,Arkadia,,,,,x,,,,;;;;;
#PROV1987,Archelaïs,Archelaïs,Archelaïs,,Archelaïs,,,,,x,,,,;;;;;
#PROV1988,Skoutarion,Skoutarion,Skoutarion,,Skoutarion,,,,,x,,,,;;;;;
#PROV1989,Euchaita,Euchaita,Euchaita,,Euchaita,,,,,x,,,,;;;;;
#PROV1990,Gangra,Gangra,Gangra,,Gangra,,,,,x,,,,;;;;;
#PROV1991,Mesochaldia,Mesochaldia,Mesochaldia,,Mesochaldia,,,,,x,,,,;;;;;
#PROV1992,Mylasa,Mylasa,Mylasa,,Mylasa,,,,,x,,,,;;;;;
#PROV1993,Neokaisareia,Neokaisareia,Neokaisareia,,Neokaisareia,,,,,x,,,,;;;;;
#PROV1994,Neai Patrai,Neai Patrai,Neai Patrai,,Neai Patrai,,,,,x,,,,;;;;;
#PROV1995,Nyssa,Nyssa,Nyssa,,Nyssa,,,,,x,,,,;;;;;
#PROV1996,Raidestos,Raidestos,Raidestos,,Raidestos,,,,,x,,,,;;;;;
#PROV1997,Sangarios,Sangarios,Sangarios,,Sangarios,,,,,x,,,,;;;;;
#PROV1998,Tephrike,Tephrike,Tephrike,,Tephrike,,,,,x,,,,;;;;;
#PROV1999,Boiotía,Boiotía,Boiotía,,Boiotía,,,,,x,,,,;;;;;
#PROV2000,Lydía,Lydía,Lydía,,Lydía,,,,,x,,,,;;;;;
#PROV2001,Tzamandos,Tzamandos,Tzamandos,,Tzamandos,,,,,x,,,,;;;;;
#PROV2002,Verroia,Verroia,Verroia,,Verroia,,,,,x,,,,;;;;;
PROV2003;        ;Ran of Kutch;;;
