#CODE                               ;SED     ;SWMH;OTHER;VANILLA
#CODE,ENGLISH,FRENCH,GERMAN,,SPANISH,,,,,,,,,x;;;;
k_papal_state                       ;Papal States;Status Pontificius;;The Papacy
k_papal_state_adj                   ;Papal   ;Sanctimonialis;;Papal
d_degothers                         ;Goths   ;De Gothers;;
d_degothers_adj                     ;Gothic  ;De Gothers;;
d_devenders                         ;Wends   ;De Venders;;
d_devenders_adj                     ;Wendish ;De Venders;;
k_austria                           ;Austria ;Österreich;;
k_austria_adj                       ;Austrian;Österreichische;;
k_oldlivonia                        ;Livonia ;Livonija;;
k_oldlivonia_adj                    ;Livonian;Livonijas;;
k_gardariki                         ;Kievan Rus’;Garðaríki;;
k_gardariki_adj                     ;Rus’    ;Garðaríkr;;
k_toulouse                          ;Toulouse;Tolosa;;
k_toulouse_adj                      ;        ;Tolosan;;
k_flanders                          ;Flanders;Vlaanderen;;
k_flanders_adj                      ;Flemish ;Vlaamse;;
k_provence                          ;Provence;Provença;;
k_provence_adj                      ;Provençal;Provençal;;
k_york                              ;York    ;Jórvik;;
k_york_adj                          ;        ;Jórvikian;;
d_austrialombardic                  ;Austria ;Austria;;
d_austrialombardic_adj              ;Austrian;Austrian;;
d_neustria                          ;Neustria;Neustria;;
d_neustria_adj                      ;Neustrian;Neustrian;;
d_tuscia                            ;Tuscia  ;Tuscia;;
d_tuscia_adj                        ;        ;Tuscian;;
d_amalfi                            ;Amalfi  ;Amalfi;;Amalfi
d_amalfi_adj                        ;Amalfitan;Amalfitani;;Amalfitan
d_gaeta                             ;Gaeta   ;Gaeta;;
d_gaeta_adj                         ;Gaetan  ;Gaetani;;
d_lower_lorraine                    ;Lower Lorraine;Niederlothringen;;Lower Lorraine
d_lower_lorraine_adj                ;Lower Lorrainian;Niederlothringische;;Lower Lorrainian
d_brabanttitular                    ;Brabant ;Brabant;;
d_brabanttitular_adj                ;        ;Brabantse;;
k_valencia                          ;Valencia;Valencia;;
k_valencia_adj                      ;Valencian;Valenciana;;
k_spanish_galicia                   ;Galicia ;Galicia;;Galicia
k_spanish_galicia_adj               ;Galician;Gallega;;Galician
k_granada                           ;Granada ;Granada;;
k_granada_adj                       ;Granadan;Granadina;;
k_catalunya                         ;Catalonia;Catalunya;;
k_catalunya_adj                     ;Catalan ;Catalana;;
d_alba_de_tormes                    ;Alba de Tormes;Alba de Tormes;;
d_alba_de_tormes_adj                ;        ;de Alba de Tormes;;
d_alburquerque                      ;Alburquerque;Alburquerque;;
d_alburquerque_adj                  ;        ;de Alburquerque;;
d_cardona                           ;Cardona ;Cardona;;
d_cardona_adj                       ;        ;de Cardona;;
d_gandia                            ;Gandia  ;Gandia;;
d_gandia_adj                        ;        ;de Gandia;;
d_infantado                         ;Infantado;Infantado;;
d_infantado_adj                     ;        ;de Infantado;;
d_medina_sidonia                    ;Medina Sidonia;Medina Sidonia;;
d_medina_sidonia_adj                ;        ;de Medina Sidonia;;
d_medinaceli                        ;Medinaceli;Medinaceli;;
d_medinaceli_adj                    ;        ;de Medinaceli;;
e_occitania                         ;Occitania;Occitània;;
e_occitania_adj                     ;Occitan ;Occitan;;
d_sangermano                        ;Terra Sancti Benedicti;Terra Sancti Benedicti;;
d_sangermano_adj                    ;Terra   ;Bendicitian;;
d_swabia                            ;Swabia  ;Schwaben;;Swabia
d_swabia_adj                        ;Swabian ;Schwäbische;;Swabian
d_carinthia                         ;Carinthia;Kärnten;Noricum Mediterraneum;Carinthia
d_carinthia_adj                     ;Carinthian;Kärntnische;;Carinthian
d_saxony                            ;Saxony  ;Sachsen;;Saxony
d_saxony_adj                        ;Saxon   ;Sächsische;;Saxon
d_bavaria                           ;Bavaria ;Baiern;;Bavaria
d_bavaria_adj                       ;Bavarian;Bairische;;Bavarian
d_franconia                         ;Franconia;Franken;;Franconia
d_franconia_adj                     ;Franconian;Fränkische;;Franconian
d_lauenburg                         ;Saxe-Lauenburg;Sachsen-Lauenburg;;
d_lauenburg_adj                     ;Saxon   ;Sächsische;;
k_salerno                           ;Principality of Salerno;Principato di Salerno;;
k_salerno_adj                       ;Salernitan;Salernian;;
d_yatviags                          ;Yotvingians;Jotvingiai;;Yatvingia
d_yatviags_adj                      ;Yotvingian;Jotvingiu;;Yatviag
d_pruthenians                       ;Old Prussians;Prùsà;;Pruthenians
d_pruthenians_adj                   ;Old Prussian;Prusu;;Pruthenian
d_curonian                          ;Curonians;Kurši;;Curonians
d_curonian_adj                      ;Curonian;Kuršiu;;Curonian
d_zemigalians                       ;Semigallians;Zemgali;;Zemigallians
d_zemigalians_adj                   ;Semigallian;Zemgali;;Zemigallian
d_lettigalians                      ;Latgalians;Latgali;;Lettigallians
d_lettigalians_adj                  ;Latgalian;Latgali;;Lettigallian
d_esthonia                          ;Estonia ;Eesti;Esthland,Adalsyssla,Eesti;Estonia
d_esthonia_adj                      ;Estonian;Eesti;;Estonian
d_narbonne                          ;Narbonne;Narbona;;
d_narbonne_adj                      ;Narbonnese;Narbonnais;;
d_nordfrisland                      ;Uthlande;Utlande;Außenlande;
d_nordfrisland_adj                  ;        ;Utlandr;;
d_ugandians                         ;Ungannians;Ugandilased;;
d_ugandians_adj                     ;Ungannian;Ugandian;;
d_oseelians                         ;Oeselians;Saarlased;;
d_oeelians_adj                      ;Oeselian;Saarlanian;;
d_vironians                         ;Vironians;Virulased;;
d_vironians_adj                     ;Vironian;Virulanian;;
d_rotalians                         ;Rotalians;Läänelased;;
d_rotalians_adj                     ;Rotalian;Läänemaaian;;
d_estonia                           ;Estonians;Eestlased;;Estonians
d_estonia_adj                       ;Estonian;Eestonian;;Estonian
d_vanemas                           ;Vanema  ;Vanemi;;
d_vanemas_adj                       ;        ;Vanemu;;
d_sakalians                         ;Sakalians;Sakali;;
d_sakalians_adj                     ;Sakalian;Sakalu;;
d_selonians                         ;Selonians;Seli;;
d_selonians_adj                     ;Selonian;Selu;;
d_talavians                         ;Talavians;Tãlavi;;
d_talavians_adj                     ;Talavian;Tãlavu;;
d_deltuvians                        ;Deltuvians;Deltuvai;;
d_deltuvians_adj                    ;Deltuvian;Deltuvos;;
d_veleti                            ;Veleti  ;Wilzi;;
d_veleti_adj                        ;        ;Wilzi;;
d_chutizi                           ;Chutizi ;Chutizi;;
d_chutizi_adj                       ;        ;Chutizi;;
d_wolinians                         ;Wolinians;Velunzani;;
d_wolinians_adj                     ;Wolinian;Velunzani;;
d_leubuzzi                          ;Leubuzzi;Licicaviki;;
d_leubuzzi_adj                      ;        ;Licicaviki;;
d_drevlyans                         ;Drevlyans;Drevlyane;;
d_drevlyans_adj                     ;Drevlyan;Drevlyane;;
d_ulichs                            ;Ulichs  ;Ulichane;;
d_ulichs_adj                        ;Ulich   ;Ulichane;;
d_east_polanes                      ;Polans  ;Polyane;;
d_east_polanes_adj                  ;Polan   ;Polyane;;
d_volhynians                        ;Volhynians;Volyniane;;
d_volhynians_adj                    ;Volhynian;Volyniane;;
d_buzhans                           ;Buzhans ;Buzhane;;
d_buzhans_adj                       ;Buzhan  ;Buzhane;;
d_tivertsi                          ;Tivertsi;Tivertsi;;
d_tivertsi_adj                      ;        ;Tivertsi;;
d_lowerbrittany                     ;Lower Brittany;Breizh Izel;;
d_lowerbrittany_adj                 ;Lower Breton;Breizh Brezhoneg;;
e_ulm                               ;Ulm     ;Ulm;;
e_ulm_adj                           ;        ;Ulmian;;
d_erzosterreich                     ;Austria ;Österreich;;
d_erzosterreich_adj                 ;Austrian;Österreichische;;
k_norman_england                    ;England ;England;;
k_norman_england_adj                ;English ;English;;
d_kryvians                          ;Krivichs;Krivichi;;Kryvians
d_kryvians_adj                      ;Krivich ;Krivichi;;Kryvian
d_severians                         ;Severians;Severiane;;Severians
d_severians_adj                     ;Severian;Severiane;;Severian
d_lendians                          ;Lendians;Ledzianie;;Lendians
d_lendians_adj                      ;Lendian ;Ledzianie;;Lendian
k_geats                             ;Götaland;Gautaríki;;
k_geats_adj                         ;Geatish ;Gautr;;
e_kaleva                            ;Kalevala;Kalevala;;
e_kaleva_adj                        ;        ;Kalevalan;;
d_bohemians                         ;Czechs  ;Czechowé;;
d_bohemians_adj                     ;Czech   ;Czeský;;
d_massufa                           ;Massufa ;Massúfa;;
d_massufa_adj                       ;        ;Massúfí;;
d_lamtuna                           ;Lamtuna ;Lamtúna;;
d_lamtuna_adj                       ;        ;Lamtúní;;
d_lamta                             ;Lemta   ;Lamta;;
d_lamta_adj                         ;        ;Lamtí;;
d_zaghawa                           ;Zaghawa ;Zagháwa;;
d_zaghawa_adj                       ;        ;Zagháwí;;
d_guddala                           ;Guddala ;Guddála;;
d_guddala_adj                       ;        ;Guddálí;;
d_targa                             ;Fezzan  ;Targa;;
d_targa_adj                         ;        ;Targí;;
d_lawata                            ;Laguatan;Lawata;;
d_lawata_adj                        ;        ;Lawatí;;
d_soninke                           ;Soninke ;Soninke;;
d_soninke_adj                       ;        ;Soninke;;
d_duguwa                            ;Duguwa  ;Duguwa;;
d_duguwa_adj                        ;        ;Duguwí;;
d_blemmyes                          ;Beja    ;Béja;;
d_blemmyes_adj                      ;        ;Béjí;;
k_makuria                           ;Makuria ;Makuria;Makouria,Muqurra;
k_makuria_adj                       ;Makurian;Makurian;;
k_alodia                            ;Alodia  ;Alodia;;
k_alodia_adj                        ;Alodian ;Alodian;;
k_moravia                           ;Great Moravia;Velká Morava;;Great Moravia
k_moravia_adj                       ;Great Moravian;Velkomoravský;;Moravian
k_shiite                            ;Shia    ;Shia;;
k_shiite_adj                        ;Shi‘ite ;Shiite;;
k_sunni                             ;Sunni   ;Sunni;;
k_sunni_adj                         ;Sunni   ;Sunni;;
k_tiaret                            ;Tiaret  ;Tiáret;;
k_tiaret_adj                        ;        ;Tiáretí;;
d_musab                             ;Mozabites;Mus'ab;;
d_musab_adj                         ;Mozabite;Mus'abí;;
d_gazzula                           ;Gazzula ;Gazzúla;;
d_gazzula_adj                       ;        ;Gazzúlí;;
WEST_FRANCIA                        ;West Francia;Francia Occidentalis;;West Francia
WEST_FRANCIA_ADJ                    ;West Frankish;Francia Occidentalis;;West Francian
EAST_FRANCIA                        ;East Francia;Francia Orientalis;;East Francia
EAST_FRANCIA_ADJ                    ;East Frankish;Francia Orientalis;;East Francian
d_azben                             ;Aïr     ;Azben;;
d_azben_adj                         ;        ;Azben;;
d_takarkart                         ;Takarkart;Takarkart;;
d_takarkart_adj                     ;        ;Takarkartí;;
d_azger                             ;Azger   ;Azger;;
d_azger_adj                         ;        ;Azgerí;;
d_tanmak                            ;Banu Tanmak;Tanmak;;
d_tanmak_adj                        ;        ;Tanmaki;;
d_mazata                            ;Mazata  ;Mazáta;;
d_mazata_adj                        ;        ;Mazátí;;
d_naqis                             ;Naqis   ;Naqís;;
d_naqis_adj                         ;        ;Naqísí;;
d_baqlin                            ;Baqlin  ;Baqlín;;
d_baqlin_adj                        ;        ;Baqlíní;;
d_djarin                            ;Jarin   ;Djarín;;
d_djarin_adj                        ;        ;Djaríní;;
d_qataa                             ;Qita’a  ;Qata'a;;
d_qataa_adj                         ;        ;Qata'í;;
d_bazin                             ;Bazin   ;Bazín;;
d_bazin_adj                         ;        ;Bazíní;;
d_danakil                           ;Afar    ;Danakil;;
d_danakil_adj                       ;        ;Danakilí;;
d_semien                            ;Semien  ;Semien;;Semien
d_semien_adj                        ;Semien  ;Semien;;Semien
k_ifat                              ;Ifat    ;Ifat;;
k_ifat_adj                          ;        ;Ifatí;;
k_blemmyes                          ;Beja    ;Béja;;
k_blemmyes_adj                      ;        ;Béjí;;
#,,,,,,,,,,,,,,;;;;
d_dregovichi_adj                    ;Dregovich;Dregovichi;;
d_radimichi_adj                     ;Radimich;Radimichi;;
d_hilal                             ;Banu Hilal;Banu Hilál;;
d_hilal_adj                         ;        ;Hilálí;;
k_aydin_adj                         ;Aydinid ;Aydini;;
k_eretnid_adj                       ;Eretnid ;Eretni;;
k_germyan_adj                       ;Germiyan;Germiyani;;
k_hammadid_adj                      ;Hamdanid;Hamdanid;;
k_kafsid_adj                        ;Hafsid  ;Kafsid;;
k_mentese_adj                       ;Mentese ;Mentese;;
k_tekke_adj                         ;Teke    ;Tekke;;
k_zirid_adj                         ;Zirid   ;Zirid;;
d_silesians                         ;Slezanie;Slezanie;;
d_silesians_adj                     ;Silesian;Silesian;;
d_polans                            ;Polans  ;Polanie;;
d_polans_adj                        ;Polan   ;Polan;;
d_mazovians                         ;Masovians;Mazowszanie;;
d_mazovians_adj                     ;Masovian;Mazovian;;
d_vistulans                         ;Vistulans;Wislanie;;
d_vistulans_adj                     ;Vistulan;Vistulan;;
#,,,,,,,,,,,,,,;;;;
k_duklja                            ;Duklja  ;Duklja;;
k_duklja_adj                        ;Dukljan ;Dukljan;;
k_armenia_minor                     ;Lesser Armenia;Mikrá Armenia;;
k_armenia_minor_adj                 ;Lesser Armenian;Mikrá Armenian;;
k_rum                               ;Rum     ;Rûm;;Rum
k_rum_adj                           ;Rum     ;Rûmian;;Rumite
k_vaspurakan                        ;Vaspurakan;Vaspurakan;;
k_vaspurakan_adj                    ;        ;Vaspurakani;;
k_iberia                            ;Iberia  ;Kartli;;
k_iberia_adj                        ;Iberian ;Kartlian;;
k_abkhazia_adj                      ;Abkhazian;Apkhazetian;;
k_abkhazia                          ;Abkhazia;Apkhazeti;;
k_kakheti_adj                       ;Kakhetian;Kakhetian;;
k_kakheti                           ;Kakheti ;Kakheti;;
k_imereti_adj                       ;Imeretian;Imeretian;;
k_imereti                           ;Imereti ;Imereti;;
d_mingrelia                         ;Samegrelo;Samegrelo;;
d_mingrelia_adj                     ;Samegrelian;Samegrelian;;
d_meshketi                          ;Meskheti;Meskheti;;
d_meshketi_adj                      ;Meskhetian;Meskhetian;;
d_tiflis                            ;Tbilisi ;Tiflis;;
d_tiflis_adj                        ;        ;Tiflisi;;
d_paulicians                        ;Paulicians;Paulikianoi;;
d_paulicians_adj                    ;Paulician;Paulikianoi;;
d_vanand                            ;Vanand  ;Vanand;;
d_vanand_adj                        ;Vanandian;Vanandian;;
d_melitene                          ;Malatya ;Malatya;Malat'ya,Malatiya,Melitena,Meletî;
d_melitene_adj                      ;Malatyan;Malatyan;;
d_pagania                           ;Narentines;Neretljani;;
d_pagania_adj                       ;Narentine;Narentine;;
d_rhodos                            ;Rhodes  ;Rhodos;;
d_rhodos_adj                        ;Rhodian ;Rhodian;;
k_bagratid_grand_principality       ;Armenia ;Hayk;;
k_bagratid_grand_principality_adj   ;Armenian;Haykian;;
#Latin Empire,,,,,,,,,,,,,,;;;;
e_latin_empire                      ;Latin Empire;Imperium Romaniae;;Latin Empire
#Indian ocean republics,,,,,,,,,,,,,,;;;;
d_dahlak                            ;Dahlak  ;Dahlak;;
d_dahlak_adj                        ;        ;Dahlakian;;
d_siraf                             ;Siraf   ;Siráf;;
d_siraf_adj                         ;        ;Siráfí;;
#,,,,,,,,,,,,,,;;;;
d_livonian_brothers_of_the_sword    ;Livonian Brothers of the Sword;Schwertbrüderorden;;
d_livonian_brothers_of_the_sword_adj;Livonian;Schwertbrüderische;;
#,,,,,,,,,,,,,,;;;;
d_uighurs                           ;Uyghurs ;Uighurs;;
d_uighurs_adj                       ;Uyghur  ;Uighur;;
d_oghuz                             ;Oghuz   ;Oghuz;;
d_oghuz_adj                         ;        ;Oghuz;;
d_yaghma                            ;Yagma   ;Yaghma;;
d_yaghma_adj                        ;        ;Yaghma;;
d_chigil                            ;Chigil  ;Chigil;;
d_chigil_adj                        ;        ;Chigil;;
d_basmils                           ;Basmyls ;Bamils;;
d_basmils_adj                       ;Basmyl  ;Basmil;;
k_kimek                             ;Kimek   ;Kimek;;
k_kimek_adj                         ;        ;Kimek;;
d_qipchaq                           ;Kipchak ;Qipchaq;;
d_qipchaq_adj                       ;        ;Qipchaq;;
d_qirghiz                           ;Yenisei Kirghiz;Qirghiz;;
d_qirghiz_adj                       ;Kirghiz ;Qirghiz;;
d_tukhsi                            ;Tukhsi  ;Tukhsi;;
d_tukhsi_adj                        ;        ;Tukhsi;;
d_zunbil                            ;Zunbils ;Zunbils;;
d_zunbil_adj                        ;Zunbil  ;Zunbil;;
k_khwarezmia                        ;Khwarezm;Khwarezm;;
k_khwarezmia_adj                    ;Khwarezmian;Khwarezmí;;
d_qarluq                            ;Karluks ;Qarluq;;
d_qarluq_adj                        ;Karluk  ;Qarluq;;
d_naimans                           ;Naiman  ;Naiman;;
d_naimans_adj                       ;        ;Nainam;;
e_khitan                            ;Kara-Khitan Khanate;Kara Khitai;;
e_khitan_adj                        ;Kara-Khitan;Kara Khitan;;
k_cuman                             ;Cumans  ;Kumanlar;;Cumania
k_cuman_adj                         ;Cuman   ;Kuman;;Cuman
k_qipchaq                           ;Kipchak ;Qipchaqlar;;
k_qipchaq_adj                       ;        ;Qipchaq;;
#Pecheneg,,,,,,,,,,,,,,;;;;
d_yawdi_ertim                       ;Irtim   ;Yawdi Ertim;;
d_yawdi_ertim_adj                   ;        ;Yawdi Ertimian;;
d_kuerchi_chur                      ;Tzour   ;Küerchi Chür;;
d_kuerchi_chur_adj                  ;        ;Küerchi Chürian;;
d_qabuqsin_yula                     ;Gyla    ;Qabuqsin Yula;;
d_qabuqsin_yula_adj                 ;        ;Qabuqsin Yulaian;;
d_suru_kulbej                       ;Koulpeï ;Suru Külbej;;
d_suru_kulbej_adj                   ;        ;Suru Külbejian;;
d_qara_bay                          ;Charaboï;Qara Bay;;
d_qara_bay_adj                      ;        ;Qara Bayian;;
d_boru_tolmach                      ;Talmat  ;Boru Tolmach;;
d_boru_tolmach_adj                  ;        ;Boru Tolmachian;;
d_yazi_qapan                        ;Chopon  ;Yazi Qapan;;
d_yazi_qapan_adj                    ;        ;Yazi Qapanian;;
d_bula_chopan                       ;Tzopon  ;Bula Chopan;;
d_bula_chopan_adj                   ;        ;Bula Chopanian;;
k_pechenegs                         ;Pechenegs;Beçeneklar;;Pechenegs
k_pechenegs_adj                     ;Pecheneg;Beçenek;;Pecheneg
k_qangar                            ;Kankalis;Qangar;;
k_qangar_adj                        ;Kankali ;Qangar;;
#,,,,,,,,,,,,,,;;;;
#Persia and Turkestan more,,,,,,,,,,,,,,;;;;
k_kerman                            ;Kerman  ;Kermán;;
k_kerman_adj                        ;        ;Kermání;;
d_shabankara                        ;Shabankara;Shabankara;;
d_shabankara_adj                    ;        ;Shabankaraí;;
d_iraqiya_oghuz                     ;‘Iraqiya;Iraqíya;;
d_iraqiya_oghuz_adj                 ;        ;Iraqí'í;;
#,,,,,,,,,,,,,,;;;;
k_uzes                              ;Uzes    ;Uzlar;;
k_uzes_adj                          ;Uz      ;Uzlar;;
#,,,,,,,,,,,,,,;;;;
e_khazaria                          ;Khazaria;Qasarstan;Xäzärstan,Khazarstan,Xazarstán,Chazaria,Cassaria,Hazarstan,Kozariaia,Kozaria,Kozarye;
e_khazaria_adj                      ;Khazar  ;Qazar;;
e_khazaria_adj_kirghiz              ;        ;Xäzär;;
e_khazaria_adj_mongol               ;        ;Xäzär;;
e_khazaria_adj_oghuz                ;        ;Hazar;;
e_khazaria_adj_turkmen              ;        ;Hazar;;
e_khazaria_adj_turkish              ;        ;Hazar;;
e_khazaria_adj_sicilian_greek       ;        ;Chazaroi;;
e_khazaria_adj_arberian             ;        ;Chazaroi;;
e_khazaria_adj_armenian             ;        ;Chazaroi;;
e_khazaria_adj_georgian             ;        ;Chazaroi;;
e_khazaria_adj_greek                ;        ;Chazaroi;;
e_khazaria_adj_east_gothic          ;        ;Chazaroi;;
e_khazaria_adj_pahlavi              ;        ;Xazarí;;
e_khazaria_adj_persian              ;        ;Xazarí;;
e_khazaria_adj_tajik                ;        ;Xazarí;;
e_khazaria_adj_daylamite            ;        ;Xazarí;;
e_khazaria_adj_sogdian              ;        ;Xazarí;;
e_khazaria_adj_khwarezmi            ;        ;Xazarí;;
e_khazaria_adj_kurdish              ;        ;Xazarí;;
e_khazaria_adj_khalaj               ;        ;Xazarí;;
e_khazaria_adj_afghan               ;        ;Xazarí;;
e_khazaria_adj_qufs                 ;        ;Xazarí;;
e_khazaria_adj_baloch               ;        ;Xazarí;;
e_khazaria_adj_polish               ;        ;Kozaran;;
e_khazaria_adj_pommeranian          ;        ;Kozaran;;
e_khazaria_adj_bohemian             ;        ;Kozaran;;
e_khazaria_adj_moravian             ;        ;Kozaran;;
e_khazaria_adj_russian              ;        ;Kozaran;;
e_khazaria_adj_serbian              ;        ;Kozaran;;
e_khazaria_adj_croatian             ;        ;Kozaran;;
e_khazaria_adj_bulgarian            ;        ;Kozaran;;
e_khazaria_adj_karantanci           ;        ;Kozaran;;
e_khazaria_adj_bosnian              ;        ;Kozaran;;
e_khazaria_adj_dalmatian            ;        ;Cassaro;;
e_khazaria_adj_italian              ;        ;Cassaro;;
e_khazaria_adj_venetian             ;        ;Cassaro;;
e_khazaria_adj_ligurian             ;        ;Cassaro;;
e_khazaria_adj_central_italian      ;        ;Cassaro;;
e_khazaria_adj_southern_italian     ;        ;Cassaro;;
e_khazaria_adj_tuscan               ;        ;Cassaro;;
e_khazaria_adj_neapolitan           ;        ;Cassaro;;
e_khazaria_adj_corsican             ;        ;Cassaro;;
e_khazaria_adj_sardinian            ;        ;Cassaro;;
e_khazaria_adj_sicilian             ;        ;Cassaro;;
#,,,,,,,,,,,,,,;;;;
e_mongol_empire                     ;Mongol Empire;Yeke Mongol Ulus;;Mongol Empire
#,,,,,,,,,,,,,,;;;;
d_black_caps                        ;Black Caps;Karakalpaklar;Chyornye Klobuki,Qaum-i Kulah-i Siyahan;
d_black_caps_adj                    ;Black Cap;Karakalpaklan;;
d_black_caps_adj_russian            ;        ;Chyornye Klobuki;;
#,,,,,,,,,,,,,,;;;;
k_magyar                            ;Hétmagyar;Hét Magyar;;Magyar
#,,,,,,,,,,,,,,;;;;
#,,,,,,,,,,,,,,;;;;
d_mordvins                          ;Mokshas ;Mokshet;Tuqshi,Tuqšilar,Tuqšilär,Mordia,Mordens,Merdas,Mordva;Mordva
d_mordvins_adj                      ;Mokshan ;Mokshetian;;Mordvin
d_mordvins_adj_levantine_arabic     ;        ;Tuqshi;;
d_mordvins_adj_maghreb_arabic       ;        ;Tuqshi;;
d_mordvins_adj_bedouin_arabic       ;        ;Tuqshi;;
d_mordvins_adj_egyptian_arabic      ;        ;Tuqshi;;
d_mordvins_adj_andalusian_arabic    ;        ;Tuqshi;;
d_mordvins_adj_sicilian_arabic      ;        ;Tuqshi;;
d_mordvins_adj_sanhaja              ;        ;Tuqshi;;
d_mordvins_adj_tagelmust            ;        ;Tuqshi;;
d_mordvins_adj_tuareg               ;        ;Tuqshi;;
d_mordvins_adj_masmuda              ;        ;Tuqshi;;
d_mordvins_adj_zanata               ;        ;Tuqshi;;
d_mordvins_adj_pahlavi              ;        ;Tuqshi;;
d_mordvins_adj_persian              ;        ;Tuqshi;;
d_mordvins_adj_tajik                ;        ;Tuqshi;;
d_mordvins_adj_daylamite            ;        ;Tuqshi;;
d_mordvins_adj_sogdian              ;        ;Tuqshi;;
d_mordvins_adj_khwarezmi            ;        ;Tuqshi;;
d_mordvins_adj_kurdish              ;        ;Tuqshi;;
d_mordvins_adj_khalaj               ;        ;Tuqshi;;
d_mordvins_adj_afghan               ;        ;Tuqshi;;
d_mordvins_adj_qufs                 ;        ;Tuqshi;;
d_mordvins_adj_baloch               ;        ;Tuqshi;;
d_mordvins_adj_bashkir              ;        ;Tuqshi;;
d_mordvins_adj_bolghar              ;        ;Tuqshi;;
d_mordvins_adj_turkish              ;        ;Tuqshi;;
d_mordvins_adj_turkmen              ;        ;Tuqshi;;
d_mordvins_adj_oghuz                ;        ;Tuqshi;;
d_mordvins_adj_mongol               ;        ;Tuqshi;;
d_mordvins_adj_kirghiz              ;        ;Tuqshi;;
d_mordvins_adj_uyghur               ;        ;Tuqshi;;
d_mordvins_adj_cuman                ;        ;Tuqshi;;
d_mordvins_adj_khazar               ;        ;Tuqshi;;
d_mordvins_adj_pecheneg             ;        ;Tuqshi;;
d_mordvins_adj_karluk               ;        ;Tuqshi;;
d_mordvins_adj_avar                 ;        ;Tuqshi;;
d_mordvins_adj_khitan               ;        ;Tuqshi;;
d_mordvins_adj_alan                 ;Mordvin ;Mordian;;
d_mordvins_adj_arberian             ;Mordvin ;Mordian;;
d_mordvins_adj_armenian             ;Mordvin ;Mordian;;
d_mordvins_adj_georgian             ;Mordvin ;Mordian;;
d_mordvins_adj_greek                ;Mordvin ;Mordian;;
d_mordvins_adj_east_gothic          ;Mordvin ;Mordensian;;
d_mordvins_adj_dalmatian            ;Mordvin ;Mersdasian;;
d_mordvins_adj_italian              ;Mordvin ;Mersdasian;;
d_mordvins_adj_venetian             ;Mordvin ;Mersdasian;;
d_mordvins_adj_ligurian             ;Mordvin ;Mersdasian;;
d_mordvins_adj_central_italian      ;Mordvin ;Mersdasian;;
d_mordvins_adj_southern_italian     ;Mordvin ;Mersdasian;;
d_mordvins_adj_tuscan               ;Mordvin ;Mersdasian;;
d_mordvins_adj_neapolitan           ;Mordvin ;Mersdasian;;
d_mordvins_adj_corsican             ;Mordvin ;Mersdasian;;
d_mordvins_adj_sardinian            ;Mordvin ;Mersdasian;;
d_mordvins_adj_sicilian             ;Mordvin ;Mersdasian;;
d_mordvins_adj_english              ;Mordvin ;Mersdasian;;
d_mordvins_adj_frankish             ;Mordvin ;Mersdasian;;
d_mordvins_adj_occitan              ;Mordvin ;Mersdasian;;
d_mordvins_adj_arpitan              ;Mordvin ;Mersdasian;;
d_mordvins_adj_norman               ;Mordvin ;Mersdasian;;
d_mordvins_adj_thuringian           ;Mordvin ;Mersdasian;;
d_mordvins_adj_swabian              ;Mordvin ;Mersdasian;;
d_mordvins_adj_bavarian             ;Mordvin ;Mersdasian;;
d_mordvins_adj_low_saxon            ;Mordvin ;Mersdasian;;
d_mordvins_adj_franconian           ;Mordvin ;Mersdasian;;
d_mordvins_adj_low_german           ;Mordvin ;Mersdasian;;
d_mordvins_adj_low_frankish         ;Mordvin ;Mersdasian;;
d_mordvins_adj_dutch                ;Mordvin ;Mersdasian;;
d_mordvins_adj_german               ;Mordvin ;Mersdasian;;
d_mordvins_adj_danish               ;Mordvin ;Mersdasian;;
d_mordvins_adj_swedish              ;Mordvin ;Mersdasian;;
d_mordvins_adj_norwegian            ;Mordvin ;Mersdasian;;
d_mordvins_adj_gothic               ;Mordvin ;Mersdasian;;
d_mordvins_adj_hungarian            ;Mordvin ;Mersdasian;;
d_mordvins_adj_leonese              ;Mordvin ;Mersdasian;;
d_mordvins_adj_castillan            ;Mordvin ;Mersdasian;;
d_mordvins_adj_aragonese            ;Mordvin ;Mersdasian;;
d_mordvins_adj_basque               ;Mordvin ;Mersdasian;;
d_mordvins_adj_romanian             ;Mordvin ;Mersdasian;;
d_mordvins_adj_polish               ;Mordvin ;Mordvan;;
d_mordvins_adj_pommeranian          ;Mordvin ;Mordvan;;
d_mordvins_adj_bohemian             ;Mordvin ;Mordvan;;
d_mordvins_adj_moravian             ;Mordvin ;Mordvan;;
d_mordvins_adj_russian              ;Mordvin ;Mordvan;;
d_mordvins_adj_serbian              ;Mordvin ;Mordvan;;
d_mordvins_adj_croatian             ;Mordvin ;Mordvan;;
d_mordvins_adj_bulgarian            ;Mordvin ;Mordvan;;
d_mordvins_adj_karantanci           ;Mordvin ;Mordvan;;
d_mordvins_adj_bosnian              ;Mordvin ;Mordvan;;
#,,,,,,,,,,,,,,;;;;
d_burtas                            ;Burtas  ;Burtas;Burdas,Bortaslar,Bortaslär,Burtasy;
d_burtas_adj                        ;        ;Burtas;;
d_burtas_adj_levantine_arabic       ;        ;Burdas;;
d_burtas_adj_maghreb_arabic         ;        ;Burdas;;
d_burtas_adj_bedouin_arabic         ;        ;Burdas;;
d_burtas_adj_egyptian_arabic        ;        ;Burdas;;
d_burtas_adj_andalusian_arabic      ;        ;Burdas;;
d_burtas_adj_sicilian_arabic        ;        ;Burdas;;
d_burtas_adj_sanhaja                ;        ;Burdas;;
d_burtas_adj_tagelmust              ;        ;Burdas;;
d_burtas_adj_tuareg                 ;        ;Burdas;;
d_burtas_adj_masmuda                ;        ;Burdas;;
d_burtas_adj_zanata                 ;        ;Burdas;;
d_burtas_adj_pahlavi                ;        ;Burdas;;
d_burtas_adj_persian                ;        ;Burdas;;
d_burtas_adj_tajik                  ;        ;Burdas;;
d_burtas_adj_daylamite              ;        ;Burdas;;
d_burtas_adj_sogdian                ;        ;Burdas;;
d_burtas_adj_khwarezmi              ;        ;Burdas;;
d_burtas_adj_kurdish                ;        ;Burdas;;
d_burtas_adj_khalaj                 ;        ;Burdas;;
d_burtas_adj_afghan                 ;        ;Burdas;;
d_burtas_adj_qufs                   ;        ;Burdas;;
d_burtas_adj_baloch                 ;        ;Burdas;;
d_burtas_adj_bashkir                ;        ;Bortas;;
d_burtas_adj_kasogi                 ;        ;Bortas;;
d_burtas_adj_bolghar                ;        ;Bortas;;
d_burtas_adj_turkish                ;        ;Bortas;;
d_burtas_adj_turkmen                ;        ;Bortas;;
d_burtas_adj_oghuz                  ;        ;Bortas;;
d_burtas_adj_mongol                 ;        ;Bortas;;
d_burtas_adj_kirghiz                ;        ;Bortas;;
d_burtas_adj_uyghur                 ;        ;Bortas;;
d_burtas_adj_cuman                  ;        ;Bortas;;
d_burtas_adj_khazar                 ;        ;Bortas;;
d_burtas_adj_pecheneg               ;        ;Bortas;;
d_burtas_adj_karluk                 ;        ;Bortas;;
d_burtas_adj_avar                   ;        ;Bortas;;
d_burtas_adj_khitan                 ;        ;Bortas;;
d_burtas_adj_polish                 ;        ;Burtasy;;
d_burtas_adj_pommeranian            ;        ;Burtasy;;
d_burtas_adj_bohemian               ;        ;Burtasy;;
d_burtas_adj_moravian               ;        ;Burtasy;;
d_burtas_adj_russian                ;        ;Burtasy;;
d_burtas_adj_serbian                ;        ;Burtasy;;
d_burtas_adj_croatian               ;        ;Burtasy;;
d_burtas_adj_bulgarian              ;        ;Burtasy;;
d_burtas_adj_karantanci             ;        ;Burtasy;;
d_burtas_adj_bosnian                ;        ;Burtasy;;
#,,,,,,,,,,,,,,;;;;
d_mordvins_erza                     ;Erzya   ;Erzyät;Irçëlar,Irçilar,Ïrzälar,Ïrzälär;
d_mordvins_erza_adj                 ;Erzyan  ;Erzyätan;;
d_mordvins_erza_adj_bolghar         ;        ;Irçëian;;
d_mordvins_erza_adj_khazar          ;        ;Irçëian;;
d_mordvins_erza_adj_avar            ;        ;Irçëian;;
d_mordvins_erza_adj_bashkir         ;        ;Ïrzäian;;
d_mordvins_erza_adj_turkish         ;        ;Irçian;;
d_mordvins_erza_adj_turkmen         ;        ;Irçian;;
d_mordvins_erza_adj_kasogi          ;        ;Irçian;;
d_mordvins_erza_adj_oghuz           ;        ;Irçian;;
d_mordvins_erza_adj_mongol          ;        ;Ïrzäian;;
d_mordvins_erza_adj_kirghiz         ;        ;Ïrzäian;;
d_mordvins_erza_adj_uyghur          ;        ;Ïrzäian;;
d_mordvins_erza_adj_cuman           ;        ;Ïrzäian;;
d_mordvins_erza_adj_pecheneg        ;        ;Irçian;;
d_mordvins_erza_adj_karluk          ;        ;Ïrzäian;;
d_mordvins_erza_adj_khitan          ;        ;Ïrzäian;;
#,,,,,,,,,,,,,,;;;;
d_zyriane                           ;Komi    ;Zyriana;Syrjænger,Zyriane;
d_zyriane_adj                       ;        ;Zyrianan;;
d_zyriane_adj_danish                ;        ;Syrjænger;;
d_zyriane_adj_polish                ;        ;Zyrianian;;
d_zyriane_adj_pommeranian           ;        ;Zyrianian;;
d_zyriane_adj_bohemian              ;        ;Zyrianian;;
d_zyriane_adj_moravian              ;        ;Zyrianian;;
d_zyriane_adj_russian               ;        ;Zyrianian;;
d_zyriane_adj_serbian               ;        ;Zyrianian;;
d_zyriane_adj_croatian              ;        ;Zyrianian;;
d_zyriane_adj_bulgarian             ;        ;Zyrianian;;
d_zyriane_adj_karantanci            ;        ;Zyrianian;;
d_zyriane_adj_bosnian               ;        ;Zyrianian;;
#,,,,,,,,,,,,,,;;;;
d_maris_vetluga                     ;Vetluga Mari;Vütla Mari;Tuçi Sarmäslar,Tepe Çirmislar,Tepe Çirmeslär,Gornyye Cheremis;
d_maris_vetluga_adj                 ;Vetluga Mari;Vütla Marian;;
d_maris_vetluga_adj_bashkir         ;Vetluga Cheremis;Tepe Çirmeslarian;;
d_maris_vetluga_adj_bolghar         ;Vetluga Cheremis;Tuçi Sarmäslärian;;
d_maris_vetluga_adj_turkish         ;Vetluga Cheremis;Tepe Çirmeslarian;;
d_maris_vetluga_adj_turkmen         ;Vetluga Cheremis;Tepe Çirmeslarian;;
d_maris_vetluga_adj_oghuz           ;Vetluga Cheremis;Tepe Çirmeslarian;;
d_maris_vetluga_adj_mongol          ;Vetluga Cheremis;Tepe Çirmeslärian;;
d_maris_vetluga_adj_kirghiz         ;Vetluga Cheremis;Tepe Çirmeslärian;;
d_maris_vetluga_adj_uyghur          ;Vetluga Cheremis;Tepe Çirmeslärian;;
d_maris_vetluga_adj_cuman           ;Vetluga Cheremis;Tepe Çirmeslärian;;
d_maris_vetluga_adj_khazar          ;Vetluga Cheremis;Tuçi Sarmäslärian;;
d_maris_vetluga_adj_pecheneg        ;Vetluga Cheremis;Tepe Çirmeslarian;;
d_maris_vetluga_adj_karluk          ;Vetluga Cheremis;Tepe Çirmeslärian;;
d_maris_vetluga_adj_avar            ;Vetluga Cheremis;Tuçi Sarmäslärian;;
d_maris_vetluga_adj_khitan          ;Vetluga Cheremis;Tepe Çirmeslarian;;
d_maris_vetluga_adj_polish          ;Vetluga Cheremis;Gornyye Cheremisian;;
d_maris_vetluga_adj_pommeranian     ;Vetluga Cheremis;Gornyye Cheremisian;;
d_maris_vetluga_adj_bohemian        ;Vetluga Cheremis;Gornyye Cheremisian;;
d_maris_vetluga_adj_moravian        ;Vetluga Cheremis;Gornyye Cheremisian;;
d_maris_vetluga_adj_russian         ;Vetluga Cheremis;Gornyye Cheremisian;;
d_maris_vetluga_adj_serbian         ;Vetluga Cheremis;Gornyye Cheremisian;;
d_maris_vetluga_adj_croatian        ;Vetluga Cheremis;Gornyye Cheremisian;;
d_maris_vetluga_adj_bulgarian       ;Vetluga Cheremis;Gornyye Cheremisian;;
d_maris_vetluga_adj_karantanci      ;Vetluga Cheremis;Gornyye Cheremisian;;
d_maris_vetluga_adj_bosnian         ;Vetluga Cheremis;Gornyye Cheremisian;;
#,,,,,,,,,,,,,,;;;;
d_maris                             ;Vyatka Mari;Vice Mari;Sarmäslar,Çirmislar,Çirmeslär;Mari
d_maris_adj                         ;Vyatka Mari;Vice Marian;;Mari
d_maris_adj_bashkir                 ;Cheremis;Çirmeslarian;;
d_maris_adj_bolghar                 ;Cheremis;Sarmäslärian;;
d_maris_adj_turkish                 ;Cheremis;Çirmislarian;;
d_maris_adj_turkmen                 ;Cheremis;Çirmislarian;;
d_maris_adj_oghuz                   ;Cheremis;Çirmislarian;;
d_maris_adj_mongol                  ;Cheremis;Çirmeslärian;;
d_maris_adj_kirghiz                 ;Cheremis;Çirmeslärian;;
d_maris_adj_uyghur                  ;Cheremis;Çirmeslärian;;
d_maris_adj_cuman                   ;Cheremis;Çirmeslärian;;
d_maris_adj_khazar                  ;Cheremis;Sarmäslärian;;
d_maris_adj_pecheneg                ;Cheremis;Çirmislarian;;
d_maris_adj_karluk                  ;Cheremis;Çirmeslärian;;
d_maris_adj_avar                    ;Cheremis;Sarmäslärian;;
d_maris_adj_khitan                  ;Cheremis;Çirmeslärian;;
d_maris_adj_polish                  ;Cheremis;Cheremis;;
d_maris_adj_pommeranian             ;Cheremis;Cheremis;;
d_maris_adj_bohemian                ;Cheremis;Cheremis;;
d_maris_adj_moravian                ;Cheremis;Cheremis;;
d_maris_adj_russian                 ;Cheremis;Cheremis;;
d_maris_adj_serbian                 ;Cheremis;Cheremis;;
d_maris_adj_croatian                ;Cheremis;Cheremis;;
d_maris_adj_bulgarian               ;Cheremis;Cheremis;;
d_maris_adj_karantanci              ;Cheremis;Cheremis;;
d_maris_adj_bosnian                 ;Cheremis;Cheremis;;
#,,,,,,,,,,,,,,;;;;
d_samoyeds                          ;Yaran   ;Sikhirti;;
d_samoyeds_adj                      ;        ;Sikhirtian;;
#,,,,,,,,,,,,,,;;;;
d_lyydians                          ;Ludes   ;Lüüdiläižed;Ljudiny;
d_lyydians_adj                      ;Ludian  ;Lüüdiläižed;;
d_lyydians_adj_russian              ;        ;Ljudinyan;;
d_lyydians_adj_pommeranian          ;        ;Ljudinyan;;
d_lyydians_adj_bohemian             ;        ;Ljudinyan;;
d_lyydians_adj_moravian             ;        ;Ljudinyan;;
d_lyydians_adj_serbian              ;        ;Ljudinyan;;
d_lyydians_adj_croatian             ;        ;Ljudinyan;;
d_lyydians_adj_bulgarian            ;        ;Ljudinyan;;
d_lyydians_adj_karantanci           ;        ;Ljudinyan;;
d_lyydians_adj_bosnian              ;        ;Ljudinyan;;
d_lyydians_adj_polish               ;        ;Ljudinyan;;
#,,,,,,,,,,,,,,;;;;
d_livgians                          ;Olonets Karelians;Livgilaižed;;
d_livgians_adj                      ;Olonets Karelian;Livgilaižedan;;
#,,,,,,,,,,,,,,;;;;
d_chudes                            ;Chudes  ;Vepsläižed;Chud',Etelätšuudilaš;
d_chudes_adj                        ;Chud    ;Vepsläižedian;;
d_chudes_adj_russian                ;        ;Chud'ian;;
d_chudes_adj_pommeranian            ;        ;Chud'ian;;
d_chudes_adj_bohemian               ;        ;Chud'ian;;
d_chudes_adj_moravian               ;        ;Chud'ian;;
d_chudes_adj_serbian                ;        ;Chud'ian;;
d_chudes_adj_croatian               ;        ;Chud'ian;;
d_chudes_adj_bulgarian              ;        ;Chud'ian;;
d_chudes_adj_karantanci             ;        ;Chud'ian;;
d_chudes_adj_bosnian                ;        ;Chud'ian;;
d_chudes_adj_polish                 ;        ;Chud'ian;;
d_chudes_adj_lappish                ;        ;Etelätšuudilaš;;
#,,,,,,,,,,,,,,;;;;
d_bjarmians                         ;Permians;Bjarmiläižed;Beormas,Bjarmir,Biarmones,Zavoloch'e Chud',Norjantšuudilaš;
d_bjarmians_adj                     ;Permian ;Bjarmiläižed;;
d_bjarmians_adj_polish              ;Zavoloshka Chud;Zavoloch'e Chud'ian;;
d_bjarmians_adj_pommeranian         ;Zavoloshka Chud;Zavoloch'e Chud'ian;;
d_bjarmians_adj_bohemian            ;Zavoloshka Chud;Zavoloch'e Chud'ian;;
d_bjarmians_adj_moravian            ;Zavoloshka Chud;Zavoloch'e Chud'ian;;
d_bjarmians_adj_russian             ;Zavoloshka Chud;Zavoloch'e Chud'ian;;
d_bjarmians_adj_serbian             ;Zavoloshka Chud;Zavoloch'e Chud'ian;;
d_bjarmians_adj_croatian            ;Zavoloshka Chud;Zavoloch'e Chud'ian;;
d_bjarmians_adj_bulgarian           ;Zavoloshka Chud;Zavoloch'e Chud'ian;;
d_bjarmians_adj_karantanci          ;Zavoloshka Chud;Zavoloch'e Chud'ian;;
d_bjarmians_adj_bosnian             ;Zavoloshka Chud;Zavoloch'e Chud'ian;;
d_bjarmians_adj_saxon               ;Beorm   ;Beorm;;
d_bjarmians_adj_norse               ;        ;Bjarmir;;
d_bjarmians_adj_danish              ;        ;Bjarmir;;
d_bjarmians_adj_icelandic           ;        ;Bjarmir;;
d_bjarmians_adj_gothic              ;        ;Bjarmir;;
d_bjarmians_adj_swedish             ;        ;Bjarmir;;
d_bjarmians_adj_norwegian           ;        ;Bjarmir;;
d_bjarmians_adj_norsegaelic         ;        ;Bjarmir;;
d_bjarmians_adj_anglonorse          ;        ;Bjarmir;;
d_bjarmians_adj_roman               ;        ;Biarmones;;
d_bjarmians_adj_lappish             ;        ;Norjantšuudilaš;;
#,,,,,,,,,,,,,,;;;;
d_toimians                          ;Toimians;Toimiläižed;;
d_toimians_adj                      ;Toimian ;Toimiläižed;;
d_toimians_adj_polish               ;        ;Toimitsian;;
d_toimians_adj_pommeranian          ;        ;Toimitsian;;
d_toimians_adj_bohemian             ;        ;Toimitsian;;
d_toimians_adj_moravian             ;        ;Toimitsian;;
d_toimians_adj_russian              ;        ;Toimitsian;;
d_toimians_adj_serbian              ;        ;Toimitsian;;
d_toimians_adj_croatian             ;        ;Toimitsian;;
d_toimians_adj_bulgarian            ;        ;Toimitsian;;
d_toimians_adj_karantanci           ;        ;Toimitsian;;
d_toimians_adj_bosnian              ;        ;Toimitsian;;
#,,,,,,,,,,,,,,;;;;
d_sami_adj_polish                   ;        ;Lop'ian;;
d_sami_adj_pommeranian              ;        ;Lop'ian;;
d_sami_adj_bohemian                 ;        ;Lop'ian;;
d_sami_adj_moravian                 ;        ;Lop'ian;;
d_sami_adj_russian                  ;        ;Lop'ian;;
d_sami_adj_serbian                  ;        ;Lop'ian;;
d_sami_adj_croatian                 ;        ;Lop'ian;;
d_sami_adj_bulgarian                ;        ;Lop'ian;;
d_sami_adj_karantanci               ;        ;Lop'ian;;
d_sami_adj_bosnian                  ;        ;Lop'ian;;
#,,,,,,,,,,,,,,;;;;
d_karelians                         ;Karelians;Karjalaižed;;
d_karelians_adj                     ;Karelian;Karjalaižed;;
d_karelians_adj_pommeranian         ;        ;Karely;;
d_karelians_adj_bohemian            ;        ;Karely;;
d_karelians_adj_moravian            ;        ;Karely;;
d_karelians_adj_russian             ;        ;Karely;;
d_karelians_adj_serbian             ;        ;Karely;;
d_karelians_adj_croatian            ;        ;Karely;;
d_karelians_adj_bulgarian           ;        ;Karely;;
d_karelians_adj_karantanci          ;        ;Karely;;
d_karelians_adj_bosnian             ;        ;Karely;;
#,,,,,,,,,,,,,,;;;;
d_horse_karelians                   ;Horse Karelians;Tamma-Karjalaižed;;
d_horse_karelians_adj               ;Horse Karelian;Tamma-Karjalaižed;;
d_horse_karelians_adj_pommeranian   ;        ;Kobylitskie Karely;;
d_horse_karelians_adj_bohemian      ;        ;Kobylitskie Karely;;
d_horse_karelians_adj_moravian      ;        ;Kobylitskie Karely;;
d_horse_karelians_adj_russian       ;        ;Kobylitskie Karely;;
d_horse_karelians_adj_serbian       ;        ;Kobylitskie Karely;;
d_horse_karelians_adj_croatian      ;        ;Kobylitskie Karely;;
d_horse_karelians_adj_bulgarian     ;        ;Kobylitskie Karely;;
d_horse_karelians_adj_karantanci    ;        ;Kobylitskie Karely;;
d_horse_karelians_adj_bosnian       ;        ;Kobylitskie Karely;;
#,,,,,,,,,,,,,,;;;;
d_savonians                         ;Savonians;Savolaiset;Savaki;
d_savonians_adj                     ;Savonian;Savolaiset;;
d_savonians_adj_pommeranian         ;        ;Savakian;;
d_savonians_adj_bohemian            ;        ;Savakian;;
d_savonians_adj_moravian            ;        ;Savakian;;
d_savonians_adj_russian             ;        ;Savakian;;
d_savonians_adj_serbian             ;        ;Savakian;;
d_savonians_adj_croatian            ;        ;Savakian;;
d_savonians_adj_bulgarian           ;        ;Savakian;;
d_savonians_adj_karantanci          ;        ;Savakian;;
d_savonians_adj_bosnian             ;        ;Savakian;;
#,,,,,,,,,,,,,,;;;;
d_votes                             ;Votes   ;Vadjalased;Vod',Krievini,Woten;Votes
d_votes_adj                         ;Votian  ;Vadjalasedan;;Vote
d_votes_adj_pommeranian             ;        ;Vod'ian;;
d_votes_adj_bohemian                ;        ;Vod'ian;;
d_votes_adj_moravian                ;        ;Vod'ian;;
d_votes_adj_russian                 ;        ;Vod'ian;;
d_votes_adj_serbian                 ;        ;Vod'ian;;
d_votes_adj_croatian                ;        ;Vod'ian;;
d_votes_adj_bulgarian               ;        ;Vod'ian;;
d_votes_adj_karantanci              ;        ;Vod'ian;;
d_votes_adj_bosnian                 ;        ;Vod'ian;;
d_votes_adj_thuringian              ;        ;Wotian;;
d_votes_adj_swabian                 ;        ;Wotian;;
d_votes_adj_bavarian                ;        ;Wotian;;
d_votes_adj_low_saxon               ;        ;Wotian;;
d_votes_adj_franconian              ;        ;Wotian;;
d_votes_adj_low_german              ;        ;Wotian;;
d_votes_adj_low_frankish            ;        ;Wotian;;
d_votes_adj_dutch                   ;        ;Wotian;;
d_votes_adj_german                  ;        ;Wotian;;
#,,,,,,,,,,,,,,;;;;
d_ingrians                          ;Izhorians;Inkerilaižed;Ižory,Ižorai;
d_ingrians_adj                      ;Izhorian;Inkerilaižed;;
d_ingrians_adj_pommeranian          ;        ;Ižoryian;;
d_ingrians_adj_bohemian             ;        ;Ižoryian;;
d_ingrians_adj_moravian             ;        ;Ižoryian;;
d_ingrians_adj_russian              ;        ;Ižoryian;;
d_ingrians_adj_serbian              ;        ;Ižoryian;;
d_ingrians_adj_croatian             ;        ;Ižoryian;;
d_ingrians_adj_bulgarian            ;        ;Ižoryian;;
d_ingrians_adj_karantanci           ;        ;Ižoryian;;
d_ingrians_adj_bosnian              ;        ;Ižoryian;;
#,,,,,,,,,,,,,,;;;;
d_kylfings                          ;Kylfings;Kylfingilaš;Kolbiagi,Koulpingoi,Kylfingar;
d_kylfings_adj                      ;Kylfing ;Kylfingilaš;;
d_kylfings_adj_pommeranian          ;        ;Kolbiagian;;
d_kylfings_adj_bohemian             ;        ;Kolbiagian;;
d_kylfings_adj_moravian             ;        ;Kolbiagian;;
d_kylfings_adj_russian              ;        ;Kolbiagian;;
d_kylfings_adj_serbian              ;        ;Kolbiagian;;
d_kylfings_adj_croatian             ;        ;Kolbiagian;;
d_kylfings_adj_bulgarian            ;        ;Kolbiagian;;
d_kylfings_adj_karantanci           ;        ;Kolbiagian;;
d_kylfings_adj_bosnian              ;        ;Kolbiagian;;
d_kylfings_adj_norse                ;        ;Kylfingarian;;
d_kylfings_adj_danish               ;        ;Kylfingarian;;
d_kylfings_adj_icelandic            ;        ;Kylfingarian;;
d_kylfings_adj_gothic               ;        ;Kylfingarian;;
d_kylfings_adj_swedish              ;        ;Kylfingarian;;
d_kylfings_adj_norwegian            ;        ;Kylfingarian;;
d_kylfings_adj_norsegaelic          ;        ;Kylfingarian;;
d_kylfings_adj_anglonorse           ;        ;Kylfingarian;;
d_kylfings_adj_sicilian_greek       ;        ;Koulpingoian;;
d_kylfings_adj_arberian             ;        ;Koulpingoian;;
d_kylfings_adj_armenian             ;        ;Koulpingoian;;
d_kylfings_adj_georgian             ;        ;Koulpingoian;;
d_kylfings_adj_greek                ;        ;Koulpingoian;;
d_kylfings_adj_east_gothic          ;        ;Koulpingoian;;
#,,,,,,,,,,,,,,;;;;
d_tavasts                           ;Tavastians;Hämäläiset;Jem;Tavastians
d_tavasts_adj                       ;Tavastian;Hämäläiset;;Tavastian
d_tavasts_adj_pommeranian           ;Yem     ;Jemian;;
d_tavasts_adj_bohemian              ;Yem     ;Jemian;;
d_tavasts_adj_moravian              ;Yem     ;Jemian;;
d_tavasts_adj_russian               ;Yem     ;Jemian;;
d_tavasts_adj_serbian               ;Yem     ;Jemian;;
d_tavasts_adj_croatian              ;Yem     ;Jemian;;
d_tavasts_adj_bulgarian             ;Yem     ;Jemian;;
d_tavasts_adj_karantanci            ;Yem     ;Jemian;;
d_tavasts_adj_bosnian               ;Yem     ;Jemian;;
#,,,,,,,,,,,,,,;;;;
d_suomi_finns                       ;Finns   ;Suomalaiset;Sum;
d_suomi_finns_adj                   ;Finnish ;Suomalaiset;;
d_suomi_finns_adj_pommeranian       ;        ;Sumian;;
d_suomi_finns_adj_bohemian          ;        ;Sumian;;
d_suomi_finns_adj_moravian          ;        ;Sumian;;
d_suomi_finns_adj_russian           ;        ;Sumian;;
d_suomi_finns_adj_serbian           ;        ;Sumian;;
d_suomi_finns_adj_croatian          ;        ;Sumian;;
d_suomi_finns_adj_bulgarian         ;        ;Sumian;;
d_suomi_finns_adj_karantanci        ;        ;Sumian;;
d_suomi_finns_adj_bosnian           ;        ;Sumian;;
#,,,,,,,,,,,,,,;;;;
d_kvens                             ;Kvens   ;Kveanatlaš;;
d_kvens_adj                         ;Kven    ;Kveanatlaš;;
d_kvens_adj_saxon                   ;        ;Cwenas;;
d_kvens_adj_norse                   ;        ;Kvænir;;
d_kvens_adj_danish                  ;        ;Kvænir;;
d_kvens_adj_icelandic               ;        ;Kvænir;;
d_kvens_adj_gothic                  ;        ;Kvænir;;
d_kvens_adj_swedish                 ;        ;Kvænir;;
d_kvens_adj_norwegian               ;        ;Kvænir;;
d_kvens_adj_norsegaelic             ;        ;Kvænir;;
d_kvens_adj_anglonorse              ;        ;Kvænir;;
#,,,,,,,,,,,,,,;;;;
d_kvens_birkarls                    ;Birkarls;Bircharlaboa;;
d_kvens_birkarls_adj                ;Birkarl ;Bircharlaboa;;
##########,,,,,,,,,,,,,,;;;;
#Vlachs,,,,,,,,,,,,,,;;;;
##########,,,,,,,,,,,,,,;;;;
d_brodniks                          ;Brodnici;Brodnici;;
d_brodniks_adj                      ;        ;Brodnician;;
d_bolohoveni                        ;Bolokhoveni;Bolohoveni;;
d_bolohoveni_adj                    ;        ;Bolohovenian;;
##########,,,,,,,,,,,,,,;;;;
#Khasars,,,,,,,,,,,,,,;;;;
##########,,,,,,,,,,,,,,;;;;
d_kabars                            ;Kabars  ;Qabarlar;;
d_kabars_adj                        ;Kabar   ;Qabarish;;
##########,,,,,,,,,,,,,,;;;;
#Qipchaqs,,,,,,,,,,,,,,;;;;
##########,,,,,,,,,,,,,,;;;;
d_urusoba                           ;Urosoba ;Urus-oba;;
d_urusoba_adj                       ;        ;Urus-oban;;
d_ulasgoli                          ;Ulashevichi;Ulashogli;;
d_ulasgoli_adj                      ;        ;Ulashoglish;;
d_chortan                           ;Csertan ;Çortan;;
d_chortan_adj                       ;        ;Çortanish;;
d_burchali                          ;Borchol ;Burçali;;
d_burchali_adj                      ;        ;Burçalian;;
d_qor                               ;Kor     ;Qor;;
d_qor_adj                           ;        ;Qorish;;
d_oren                              ;Uran    ;Ören;;
d_oren_adj                          ;        ;Örenian;;
d_qongurogli                        ;Kangarogli;Qongorogli;;
d_qongurogli_adj                    ;        ;Qongoroglish;;
d_targil                            ;Targil  ;Targil;;
d_targil_adj                        ;        ;Targilan;;
d_olberlig                          ;Olberli ;Ölberli;;
d_olberlig_adj                      ;        ;Ölberlish;;
d_enchogli                          ;Andjogli;Ençogli;;
d_enchogli_adj                      ;        ;Ençoglian;;
d_yimek                             ;Emiakovie;Yimek;;
d_yimek_adj                         ;        ;Yimekish;;
d_toqsoba                           ;Toksobichi;Toqsoba;;
d_toqsoba_adj                       ;        ;Toqsoban;;
d_terteroba                         ;Terteroba;Terteroba;;
d_terteroba_adj                     ;        ;Terteroban;;
d_dorut                             ;Durut   ;Dörüt;;
d_dorut_adj                         ;        ;Dörütish;;
d_ay_opa                            ;Ay-Opa  ;Ay-opa;;
d_ay_opa_adj                        ;        ;Ay-opan;;
##########,,,,,,,,,,,,,,;;;;
#Uzes,,,,,,,,,,,,,,;;;;
##########,,,,,,,,,,,,,,;;;;
d_tekule                            ;Döger   ;Teküle;;
d_tekule_adj                        ;        ;Tekülish;;
d_salgur                            ;Salur   ;Salgur;;
d_salgur_adj                        ;        ;Salgurish;;
#################,,,,,,,,,,,,,,;;;;
k_old_north                         ;Hen Ogledd;Hen Ogledd;;
k_old_north_adj                     ;        ;Hen Ogleddian;;
##########,,,,,,,,,,,,,,;;;;
d_baloch                            ;Balochs ;Baloch;;
d_baloch_adj                        ;Baloch  ;Balochian;;
#################,,,,,,,,,,,,,,;;;;
k_hilal                             ;Banu Hilal;Hilal;;
k_hilal_adj                         ;        ;Hilalian;;
###########,,,,,,,,,,,,,,;;;;
d_chester                           ;Chester ;Chester;;
d_chester_adj                       ;        ;Chester;;
#################,,,,,,,,,,,,,,;;;;
k_ireland_titular                   ;Tara    ;Tara;;
k_ireland_titular_adj               ;        ;Tara;;
####################,,,,,,,,,,,,,,;;;;
d_goliadj                           ;Goliads ;Goladi;Galindowie,Goliadj;
d_goliadj_adj                       ;Goliad  ;Goladi;;
d_warmians                          ;Warmians;Varmi;;
d_warmians_adj                      ;Warmian ;Varmi;;
d_pomesanians                       ;Pomesanians;Pomedi;;
d_pomesanians_adj                   ;Pomesanian;Pomedi;;
d_sasnians                          ;Sasnians;Sasnai;;
d_sasnians_adj                      ;Sasnian ;Sasnai;;
d_pogesanians                       ;Pogesanians;Paugudi;;
d_pogesanians_adj                   ;Pogesanian;Paugudi;;
d_bartians                          ;Bartians;Barthi;;
d_bartians_adj                      ;Bartian ;Barthi;;
d_nadruvians                        ;Nadruvians;Nadrawai;;
d_nadruvians_adj                    ;Nadruvian;Nadrawai;;
d_scalovians                        ;Skalvians;Skalwai;;
d_scalovians_adj                    ;Skalvian;Skalwai;;
d_sambians                          ;Sambians;Sembai;;
d_sambians_adj                      ;Sambian ;Sembai;;
